week,day_of_week,meal_period,hour_block,weather,special_event,expected_traffic,item_name,prep_amount,amount_taken,amount_left_in_pan,plate_waste,consumed,waste_total,take_rate,waste_rate
1,Mon,breakfast,1,cloudy,0,152,chicken,47,32,8,1,31,9,0.6808510638297872,0.19148936170212766
1,Mon,breakfast,1,cloudy,0,152,rice,45,31,10,6,25,16,0.6888888888888889,0.35555555555555557
1,Mon,breakfast,1,cloudy,0,152,pasta,66,61,0,6,55,6,0.9242424242424242,0.09090909090909091
1,Mon,breakfast,1,cloudy,0,152,vegetables,45,38,3,6,32,9,0.8444444444444444,0.2
1,Mon,breakfast,1,cloudy,0,152,dessert,40,29,10,3,26,13,0.725,0.325
1,Mon,breakfast,2,cloudy,0,170,chicken,55,37,15,3,34,18,0.6727272727272727,0.32727272727272727
1,Mon,breakfast,2,cloudy,0,170,rice,55,46,7,6,40,13,0.8363636363636363,0.23636363636363636
1,Mon,breakfast,2,cloudy,0,170,pasta,65,51,14,4,47,18,0.7846153846153846,0.27692307692307694
1,Mon,breakfast,2,cloudy,0,170,vegetables,50,45,1,5,40,6,0.9,0.12
1,Mon,breakfast,2,cloudy,0,170,dessert,41,29,9,3,26,12,0.7073170731707317,0.2926829268292683
1,Mon,breakfast,3,sunny,0,135,chicken,54,40,13,3,37,16,0.7407407407407407,0.2962962962962963
1,Mon,breakfast,3,sunny,0,135,rice,45,29,13,6,23,19,0.6444444444444445,0.4222222222222222
1,Mon,breakfast,3,sunny,0,135,pasta,58,54,0,6,48,6,0.9310344827586207,0.10344827586206896
1,Mon,breakfast,3,sunny,0,135,vegetables,30,25,0,3,22,3,0.8333333333333334,0.1
1,Mon,breakfast,3,sunny,0,135,dessert,34,26,4,2,24,6,0.7647058823529411,0.17647058823529413
1,Mon,lunch,1,cloudy,0,287,chicken,112,83,25,5,78,30,0.7410714285714286,0.26785714285714285
1,Mon,lunch,1,cloudy,0,287,rice,74,72,0,15,57,15,0.972972972972973,0.20270270270270271
1,Mon,lunch,1,cloudy,0,287,pasta,92,60,25,5,55,30,0.6521739130434783,0.32608695652173914
1,Mon,lunch,1,cloudy,0,287,vegetables,77,69,2,7,62,9,0.8961038961038961,0.11688311688311688
1,Mon,lunch,1,cloudy,0,287,dessert,84,79,2,9,70,11,0.9404761904761905,0.13095238095238096
1,Mon,lunch,2,sunny,0,257,chicken,106,91,15,8,83,23,0.8584905660377359,0.2169811320754717
1,Mon,lunch,2,sunny,0,257,rice,79,76,0,16,60,16,0.9620253164556962,0.20253164556962025
1,Mon,lunch,2,sunny,0,257,pasta,94,85,9,10,75,19,0.9042553191489362,0.20212765957446807
1,Mon,lunch,2,sunny,0,257,vegetables,68,46,20,6,40,26,0.6764705882352942,0.38235294117647056
1,Mon,lunch,2,sunny,0,257,dessert,55,47,1,4,43,5,0.8545454545454545,0.09090909090909091
1,Mon,lunch,3,sunny,0,256,chicken,100,82,14,5,77,19,0.82,0.19
1,Mon,lunch,3,sunny,0,256,rice,66,49,16,7,42,23,0.7424242424242424,0.3484848484848485
1,Mon,lunch,3,sunny,0,256,pasta,96,71,22,6,65,28,0.7395833333333334,0.2916666666666667
1,Mon,lunch,3,sunny,0,256,vegetables,71,50,19,9,41,28,0.704225352112676,0.39436619718309857
1,Mon,lunch,3,sunny,0,256,dessert,64,44,15,4,40,19,0.6875,0.296875
1,Mon,dinner,1,sunny,0,265,chicken,115,75,40,6,69,46,0.6521739130434783,0.4
1,Mon,dinner,1,sunny,0,265,rice,85,74,4,11,63,15,0.8705882352941177,0.17647058823529413
1,Mon,dinner,1,sunny,0,265,pasta,114,86,28,10,76,38,0.7543859649122807,0.3333333333333333
1,Mon,dinner,1,sunny,0,265,vegetables,61,40,18,5,35,23,0.6557377049180327,0.3770491803278688
1,Mon,dinner,1,sunny,0,265,dessert,64,52,12,4,48,16,0.8125,0.25
1,Mon,dinner,2,sunny,1,274,chicken,124,97,20,5,92,25,0.782258064516129,0.20161290322580644
1,Mon,dinner,2,sunny,1,274,rice,105,76,26,10,66,36,0.7238095238095238,0.34285714285714286
1,Mon,dinner,2,sunny,1,274,pasta,95,79,10,10,69,20,0.8315789473684211,0.21052631578947367
1,Mon,dinner,2,sunny,1,274,vegetables,74,53,14,9,44,23,0.7162162162162162,0.3108108108108108
1,Mon,dinner,2,sunny,1,274,dessert,74,72,0,6,66,6,0.972972972972973,0.08108108108108109
1,Mon,dinner,3,cloudy,0,220,chicken,64,54,8,4,50,12,0.84375,0.1875
1,Mon,dinner,3,cloudy,0,220,rice,78,71,1,11,60,12,0.9102564102564102,0.15384615384615385
1,Mon,dinner,3,cloudy,0,220,pasta,66,57,8,6,51,14,0.8636363636363636,0.21212121212121213
1,Mon,dinner,3,cloudy,0,220,vegetables,61,53,7,9,44,16,0.8688524590163934,0.26229508196721313
1,Mon,dinner,3,cloudy,0,220,dessert,72,67,2,5,62,7,0.9305555555555556,0.09722222222222222
1,Tue,breakfast,1,cloudy,0,128,chicken,48,35,8,3,32,11,0.7291666666666666,0.22916666666666666
1,Tue,breakfast,1,cloudy,0,128,rice,49,46,3,8,38,11,0.9387755102040817,0.22448979591836735
1,Tue,breakfast,1,cloudy,0,128,pasta,41,36,2,5,31,7,0.8780487804878049,0.17073170731707318
1,Tue,breakfast,1,cloudy,0,128,vegetables,36,32,2,5,27,7,0.8888888888888888,0.19444444444444445
1,Tue,breakfast,1,cloudy,0,128,dessert,42,38,0,4,34,4,0.9047619047619048,0.09523809523809523
1,Tue,breakfast,2,sunny,0,143,chicken,58,50,8,3,47,11,0.8620689655172413,0.1896551724137931
1,Tue,breakfast,2,sunny,0,143,rice,36,29,0,4,25,4,0.8055555555555556,0.1111111111111111
1,Tue,breakfast,2,sunny,0,143,pasta,54,50,4,6,44,10,0.9259259259259259,0.18518518518518517
1,Tue,breakfast,2,sunny,0,143,vegetables,35,28,2,4,24,6,0.8,0.17142857142857143
1,Tue,breakfast,2,sunny,0,143,dessert,34,33,0,3,30,3,0.9705882352941176,0.08823529411764706
1,Tue,breakfast,3,sunny,1,155,chicken,53,45,8,3,42,11,0.8490566037735849,0.20754716981132076
1,Tue,breakfast,3,sunny,1,155,rice,43,38,3,5,33,8,0.8837209302325582,0.18604651162790697
1,Tue,breakfast,3,sunny,1,155,pasta,62,41,16,6,35,22,0.6612903225806451,0.3548387096774194
1,Tue,breakfast,3,sunny,1,155,vegetables,45,42,3,5,37,8,0.9333333333333333,0.17777777777777778
1,Tue,breakfast,3,sunny,1,155,dessert,51,38,7,3,35,10,0.7450980392156863,0.19607843137254902
1,Tue,lunch,1,cloudy,1,303,chicken,131,98,33,6,92,39,0.7480916030534351,0.29770992366412213
1,Tue,lunch,1,cloudy,1,303,rice,93,86,2,19,67,21,0.9247311827956989,0.22580645161290322
1,Tue,lunch,1,cloudy,1,303,pasta,88,75,12,11,64,23,0.8522727272727273,0.26136363636363635
1,Tue,lunch,1,cloudy,1,303,vegetables,65,48,10,6,42,16,0.7384615384615385,0.24615384615384617
1,Tue,lunch,1,cloudy,1,303,dessert,91,80,7,7,73,14,0.8791208791208791,0.15384615384615385
1,Tue,lunch,2,sunny,0,249,chicken,82,69,7,4,65,11,0.8414634146341463,0.13414634146341464
1,Tue,lunch,2,sunny,0,249,rice,80,73,0,14,59,14,0.9125,0.175
1,Tue,lunch,2,sunny,0,249,pasta,84,56,22,8,48,30,0.6666666666666666,0.35714285714285715
1,Tue,lunch,2,sunny,0,249,vegetables,57,38,14,5,33,19,0.6666666666666666,0.3333333333333333
1,Tue,lunch,2,sunny,0,249,dessert,63,44,14,5,39,19,0.6984126984126984,0.30158730158730157
1,Tue,lunch,3,sunny,0,262,chicken,98,88,6,5,83,11,0.8979591836734694,0.11224489795918367
1,Tue,lunch,3,sunny,0,262,rice,83,77,1,11,66,12,0.927710843373494,0.14457831325301204
1,Tue,lunch,3,sunny,0,262,pasta,95,81,10,11,70,21,0.8526315789473684,0.22105263157894736
1,Tue,lunch,3,sunny,0,262,vegetables,77,68,2,7,61,9,0.8831168831168831,0.11688311688311688
1,Tue,lunch,3,sunny,0,262,dessert,64,50,10,3,47,13,0.78125,0.203125
1,Tue,dinner,1,sunny,0,233,chicken,84,73,10,4,69,14,0.8690476190476191,0.16666666666666666
1,Tue,dinner,1,sunny,0,233,rice,63,46,10,8,38,18,0.7301587301587301,0.2857142857142857
1,Tue,dinner,1,sunny,0,233,pasta,71,68,0,8,60,8,0.9577464788732394,0.11267605633802817
1,Tue,dinner,1,sunny,0,233,vegetables,63,52,5,8,44,13,0.8253968253968254,0.20634920634920634
1,Tue,dinner,1,sunny,0,233,dessert,50,41,4,3,38,7,0.82,0.14
1,Tue,dinner,2,sunny,0,248,chicken,91,62,23,4,58,27,0.6813186813186813,0.2967032967032967
1,Tue,dinner,2,sunny,0,248,rice,74,59,14,11,48,25,0.7972972972972973,0.33783783783783783
1,Tue,dinner,2,sunny,0,248,pasta,93,79,8,6,73,14,0.8494623655913979,0.15053763440860216
1,Tue,dinner,2,sunny,0,248,vegetables,46,44,0,6,38,6,0.9565217391304348,0.13043478260869565
1,Tue,dinner,2,sunny,0,248,dessert,73,51,16,3,48,19,0.6986301369863014,0.2602739726027397
1,Tue,dinner,3,cloudy,1,295,chicken,117,106,9,9,97,18,0.905982905982906,0.15384615384615385
1,Tue,dinner,3,cloudy,1,295,rice,102,81,17,14,67,31,0.7941176470588235,0.30392156862745096
1,Tue,dinner,3,cloudy,1,295,pasta,111,102,7,13,89,20,0.918918918918919,0.18018018018018017
1,Tue,dinner,3,cloudy,1,295,vegetables,61,41,19,4,37,23,0.6721311475409836,0.3770491803278688
1,Tue,dinner,3,cloudy,1,295,dessert,64,54,9,4,50,13,0.84375,0.203125
1,Wed,breakfast,1,cloudy,0,127,chicken,51,43,5,4,39,9,0.8431372549019608,0.17647058823529413
1,Wed,breakfast,1,cloudy,0,127,rice,39,37,0,6,31,6,0.9487179487179487,0.15384615384615385
1,Wed,breakfast,1,cloudy,0,127,pasta,50,45,0,6,39,6,0.9,0.12
1,Wed,breakfast,1,cloudy,0,127,vegetables,25,18,1,2,16,3,0.72,0.12
1,Wed,breakfast,1,cloudy,0,127,dessert,42,39,0,3,36,3,0.9285714285714286,0.07142857142857142
1,Wed,breakfast,2,sunny,0,132,chicken,46,38,8,3,35,11,0.8260869565217391,0.2391304347826087
1,Wed,breakfast,2,sunny,0,132,rice,39,36,0,6,30,6,0.9230769230769231,0.15384615384615385
1,Wed,breakfast,2,sunny,0,132,pasta,57,52,2,5,47,7,0.9122807017543859,0.12280701754385964
1,Wed,breakfast,2,sunny,0,132,vegetables,38,36,0,5,31,5,0.9473684210526315,0.13157894736842105
1,Wed,breakfast,2,sunny,0,132,dessert,29,19,7,2,17,9,0.6551724137931034,0.3103448275862069
1,Wed,breakfast,3,cloudy,0,152,chicken,46,37,3,2,35,5,0.8043478260869565,0.10869565217391304
1,Wed,breakfast,3,cloudy,0,152,rice,39,34,3,6,28,9,0.8717948717948718,0.23076923076923078
1,Wed,breakfast,3,cloudy,0,152,pasta,44,30,11,4,26,15,0.6818181818181818,0.3409090909090909
1,Wed,breakfast,3,cloudy,0,152,vegetables,43,39,0,5,34,5,0.9069767441860465,0.11627906976744186
1,Wed,breakfast,3,cloudy,0,152,dessert,33,30,0,3,27,3,0.9090909090909091,0.09090909090909091
1,Wed,lunch,1,sunny,0,292,chicken,113,105,8,10,95,18,0.9292035398230089,0.1592920353982301
1,Wed,lunch,1,sunny,0,292,rice,114,111,0,23,88,23,0.9736842105263158,0.20175438596491227
1,Wed,lunch,1,sunny,0,292,pasta,114,92,16,10,82,26,0.8070175438596491,0.22807017543859648
1,Wed,lunch,1,sunny,0,292,vegetables,68,64,2,7,57,9,0.9411764705882353,0.1323529411764706
1,Wed,lunch,1,sunny,0,292,dessert,71,55,13,5,50,18,0.7746478873239436,0.2535211267605634
1,Wed,lunch,2,sunny,0,305,chicken,118,114,4,8,106,12,0.9661016949152542,0.1016949152542373
1,Wed,lunch,2,sunny,0,305,rice,80,65,14,11,54,25,0.8125,0.3125
1,Wed,lunch,2,sunny,0,305,pasta,84,81,0,7,74,7,0.9642857142857143,0.08333333333333333
1,Wed,lunch,2,sunny,0,305,vegetables,58,55,0,10,45,10,0.9482758620689655,0.1724137931034483
1,Wed,lunch,2,sunny,0,305,dessert,86,83,3,8,75,11,0.9651162790697675,0.12790697674418605
1,Wed,lunch,3,sunny,0,295,chicken,135,118,11,8,110,19,0.8740740740740741,0.14074074074074075
1,Wed,lunch,3,sunny,0,295,rice,75,55,13,12,43,25,0.7333333333333333,0.3333333333333333
1,Wed,lunch,3,sunny,0,295,pasta,100,68,31,7,61,38,0.68,0.38
1,Wed,lunch,3,sunny,0,295,vegetables,61,48,12,6,42,18,0.7868852459016393,0.29508196721311475
1,Wed,lunch,3,sunny,0,295,dessert,72,55,15,4,51,19,0.7638888888888888,0.2638888888888889
1,Wed,dinner,1,rainy,0,244,chicken,98,68,26,6,62,32,0.6938775510204082,0.32653061224489793
1,Wed,dinner,1,rainy,0,244,rice,95,74,21,13,61,34,0.7789473684210526,0.35789473684210527
1,Wed,dinner,1,rainy,0,244,pasta,83,79,0,11,68,11,0.9518072289156626,0.13253012048192772
1,Wed,dinner,1,rainy,0,244,vegetables,50,39,10,6,33,16,0.78,0.32
1,Wed,dinner,1,rainy,0,244,dessert,82,57,19,6,51,25,0.6951219512195121,0.3048780487804878
1,Wed,dinner,2,cloudy,0,228,chicken,87,58,23,3,55,26,0.6666666666666666,0.2988505747126437
1,Wed,dinner,2,cloudy,0,228,rice,66,44,22,9,35,31,0.6666666666666666,0.4696969696969697
1,Wed,dinner,2,cloudy,0,228,pasta,82,73,3,10,63,13,0.8902439024390244,0.15853658536585366
1,Wed,dinner,2,cloudy,0,228,vegetables,62,59,3,10,49,13,0.9516129032258065,0.20967741935483872
1,Wed,dinner,2,cloudy,0,228,dessert,55,39,12,3,36,15,0.7090909090909091,0.2727272727272727
1,Wed,dinner,3,sunny,0,261,chicken,91,62,28,5,57,33,0.6813186813186813,0.3626373626373626
1,Wed,dinner,3,sunny,0,261,rice,83,76,7,12,64,19,0.9156626506024096,0.2289156626506024
1,Wed,dinner,3,sunny,0,261,pasta,95,79,16,11,68,27,0.8315789473684211,0.28421052631578947
1,Wed,dinner,3,sunny,0,261,vegetables,66,53,9,7,46,16,0.803030303030303,0.24242424242424243
1,Wed,dinner,3,sunny,0,261,dessert,76,67,4,5,62,9,0.881578947368421,0.11842105263157894
1,Thu,breakfast,1,cloudy,0,170,chicken,66,56,8,4,52,12,0.8484848484848485,0.18181818181818182
1,Thu,breakfast,1,cloudy,0,170,rice,65,49,9,8,41,17,0.7538461538461538,0.26153846153846155
1,Thu,breakfast,1,cloudy,0,170,pasta,72,53,19,6,47,25,0.7361111111111112,0.3472222222222222
1,Thu,breakfast,1,cloudy,0,170,vegetables,50,34,15,6,28,21,0.68,0.42
1,Thu,breakfast,1,cloudy,0,170,dessert,52,34,13,2,32,15,0.6538461538461539,0.28846153846153844
1,Thu,breakfast,2,sunny,0,113,chicken,33,22,5,1,21,6,0.6666666666666666,0.18181818181818182
1,Thu,breakfast,2,sunny,0,113,rice,35,30,2,4,26,6,0.8571428571428571,0.17142857142857143
1,Thu,breakfast,2,sunny,0,113,pasta,37,34,0,4,30,4,0.918918918918919,0.10810810810810811
1,Thu,breakfast,2,sunny,0,113,vegetables,33,28,1,3,25,4,0.8484848484848485,0.12121212121212122
1,Thu,breakfast,2,sunny,0,113,dessert,26,19,3,1,18,4,0.7307692307692307,0.15384615384615385
1,Thu,breakfast,3,rainy,0,138,chicken,48,45,2,2,43,4,0.9375,0.08333333333333333
1,Thu,breakfast,3,rainy,0,138,rice,48,31,17,6,25,23,0.6458333333333334,0.4791666666666667
1,Thu,breakfast,3,rainy,0,138,pasta,53,43,3,4,39,7,0.8113207547169812,0.1320754716981132
1,Thu,breakfast,3,rainy,0,138,vegetables,26,19,7,3,16,10,0.7307692307692307,0.38461538461538464
1,Thu,breakfast,3,rainy,0,138,dessert,39,38,0,3,35,3,0.9743589743589743,0.07692307692307693
1,Thu,lunch,1,rainy,0,252,chicken,104,68,30,4,64,34,0.6538461538461539,0.3269230769230769
1,Thu,lunch,1,rainy,0,252,rice,88,81,4,16,65,20,0.9204545454545454,0.22727272727272727
1,Thu,lunch,1,rainy,0,252,pasta,73,58,9,7,51,16,0.7945205479452054,0.2191780821917808
1,Thu,lunch,1,rainy,0,252,vegetables,50,44,0,5,39,5,0.88,0.1
1,Thu,lunch,1,rainy,0,252,dessert,63,45,15,4,41,19,0.7142857142857143,0.30158730158730157
1,Thu,lunch,2,sunny,0,236,chicken,87,66,20,5,61,25,0.7586206896551724,0.28735632183908044
1,Thu,lunch,2,sunny,0,236,rice,62,51,4,9,42,13,0.8225806451612904,0.20967741935483872
1,Thu,lunch,2,sunny,0,236,pasta,87,72,11,8,64,19,0.8275862068965517,0.21839080459770116
1,Thu,lunch,2,sunny,0,236,vegetables,53,45,1,7,38,8,0.8490566037735849,0.1509433962264151
1,Thu,lunch,2,sunny,0,236,dessert,65,49,12,6,43,18,0.7538461538461538,0.27692307692307694
1,Thu,lunch,3,sunny,0,266,chicken,85,63,16,4,59,20,0.7411764705882353,0.23529411764705882
1,Thu,lunch,3,sunny,0,266,rice,100,66,30,8,58,38,0.66,0.38
1,Thu,lunch,3,sunny,0,266,pasta,116,79,34,8,71,42,0.6810344827586207,0.3620689655172414
1,Thu,lunch,3,sunny,0,266,vegetables,77,50,22,9,41,31,0.6493506493506493,0.4025974025974026
1,Thu,lunch,3,sunny,0,266,dessert,62,53,3,6,47,9,0.8548387096774194,0.14516129032258066
1,Thu,dinner,1,sunny,0,230,chicken,99,71,25,7,64,32,0.7171717171717171,0.32323232323232326
1,Thu,dinner,1,sunny,0,230,rice,72,58,8,8,50,16,0.8055555555555556,0.2222222222222222
1,Thu,dinner,1,sunny,0,230,pasta,90,81,4,7,74,11,0.9,0.12222222222222222
1,Thu,dinner,1,sunny,0,230,vegetables,47,38,9,5,33,14,0.8085106382978723,0.2978723404255319
1,Thu,dinner,1,sunny,0,230,dessert,59,47,11,4,43,15,0.7966101694915254,0.2542372881355932
1,Thu,dinner,2,sunny,1,267,chicken,108,97,4,8,89,12,0.8981481481481481,0.1111111111111111
1,Thu,dinner,2,sunny,1,267,rice,91,83,4,11,72,15,0.9120879120879121,0.16483516483516483
1,Thu,dinner,2,sunny,1,267,pasta,110,106,0,9,97,9,0.9636363636363636,0.08181818181818182
1,Thu,dinner,2,sunny,1,267,vegetables,79,56,23,7,49,30,0.7088607594936709,0.379746835443038
1,Thu,dinner,2,sunny,1,267,dessert,81,68,6,8,60,14,0.8395061728395061,0.1728395061728395
1,Thu,dinner,3,cloudy,0,255,chicken,108,99,7,6,93,13,0.9166666666666666,0.12037037037037036
1,Thu,dinner,3,cloudy,0,255,rice,89,73,12,12,61,24,0.8202247191011236,0.2696629213483146
1,Thu,dinner,3,cloudy,0,255,pasta,94,82,5,9,73,14,0.8723404255319149,0.14893617021276595
1,Thu,dinner,3,cloudy,0,255,vegetables,58,46,6,6,40,12,0.7931034482758621,0.20689655172413793
1,Thu,dinner,3,cloudy,0,255,dessert,68,57,5,5,52,10,0.8382352941176471,0.14705882352941177
1,Fri,breakfast,1,rainy,0,109,chicken,33,31,0,2,29,2,0.9393939393939394,0.06060606060606061
1,Fri,breakfast,1,rainy,0,109,rice,38,26,12,5,21,17,0.6842105263157895,0.4473684210526316
1,Fri,breakfast,1,rainy,0,109,pasta,39,36,0,5,31,5,0.9230769230769231,0.1282051282051282
1,Fri,breakfast,1,rainy,0,109,vegetables,29,25,4,4,21,8,0.8620689655172413,0.27586206896551724
1,Fri,breakfast,1,rainy,0,109,dessert,23,19,2,2,17,4,0.8260869565217391,0.17391304347826086
1,Fri,breakfast,2,sunny,0,135,chicken,51,39,9,3,36,12,0.7647058823529411,0.23529411764705882
1,Fri,breakfast,2,sunny,0,135,rice,41,37,0,5,32,5,0.9024390243902439,0.12195121951219512
1,Fri,breakfast,2,sunny,0,135,pasta,46,41,3,3,38,6,0.8913043478260869,0.13043478260869565
1,Fri,breakfast,2,sunny,0,135,vegetables,35,29,2,3,26,5,0.8285714285714286,0.14285714285714285
1,Fri,breakfast,2,sunny,0,135,dessert,42,40,0,3,37,3,0.9523809523809523,0.07142857142857142
1,Fri,breakfast,3,sunny,0,123,chicken,48,31,14,3,28,17,0.6458333333333334,0.3541666666666667
1,Fri,breakfast,3,sunny,0,123,rice,32,30,0,6,24,6,0.9375,0.1875
1,Fri,breakfast,3,sunny,0,123,pasta,48,33,14,4,29,18,0.6875,0.375
1,Fri,breakfast,3,sunny,0,123,vegetables,24,16,8,1,15,9,0.6666666666666666,0.375
1,Fri,breakfast,3,sunny,0,123,dessert,40,31,5,2,29,7,0.775,0.175
1,Fri,lunch,1,sunny,0,312,chicken,134,101,31,7,94,38,0.753731343283582,0.2835820895522388
1,Fri,lunch,1,sunny,0,312,rice,105,82,23,10,72,33,0.780952380952381,0.3142857142857143
1,Fri,lunch,1,sunny,0,312,pasta,96,87,7,11,76,18,0.90625,0.1875
1,Fri,lunch,1,sunny,0,312,vegetables,72,59,12,11,48,23,0.8194444444444444,0.3194444444444444
1,Fri,lunch,1,sunny,0,312,dessert,84,67,10,8,59,18,0.7976190476190477,0.21428571428571427
1,Fri,lunch,2,sunny,0,255,chicken,95,74,21,7,67,28,0.7789473684210526,0.29473684210526313
1,Fri,lunch,2,sunny,0,255,rice,93,68,24,10,58,34,0.7311827956989247,0.3655913978494624
1,Fri,lunch,2,sunny,0,255,pasta,98,69,29,10,59,39,0.7040816326530612,0.3979591836734694
1,Fri,lunch,2,sunny,0,255,vegetables,63,58,0,8,50,8,0.9206349206349206,0.12698412698412698
1,Fri,lunch,2,sunny,0,255,dessert,70,59,5,4,55,9,0.8428571428571429,0.12857142857142856
1,Fri,lunch,3,cloudy,0,254,chicken,88,70,14,6,64,20,0.7954545454545454,0.22727272727272727
1,Fri,lunch,3,cloudy,0,254,rice,81,67,9,8,59,17,0.8271604938271605,0.20987654320987653
1,Fri,lunch,3,cloudy,0,254,pasta,99,81,18,9,72,27,0.8181818181818182,0.2727272727272727
1,Fri,lunch,3,cloudy,0,254,vegetables,59,49,10,5,44,15,0.8305084745762712,0.2542372881355932
1,Fri,lunch,3,cloudy,0,254,dessert,64,43,20,4,39,24,0.671875,0.375
1,Fri,dinner,1,rainy,0,197,chicken,61,54,7,4,50,11,0.8852459016393442,0.18032786885245902
1,Fri,dinner,1,rainy,0,197,rice,65,47,12,6,41,18,0.7230769230769231,0.27692307692307694
1,Fri,dinner,1,rainy,0,197,pasta,54,36,16,5,31,21,0.6666666666666666,0.3888888888888889
1,Fri,dinner,1,rainy,0,197,vegetables,56,46,8,7,39,15,0.8214285714285714,0.26785714285714285
1,Fri,dinner,1,rainy,0,197,dessert,47,41,4,4,37,8,0.8723404255319149,0.1702127659574468
1,Fri,dinner,2,cloudy,1,258,chicken,80,62,17,4,58,21,0.775,0.2625
1,Fri,dinner,2,cloudy,1,258,rice,65,44,19,6,38,25,0.676923076923077,0.38461538461538464
1,Fri,dinner,2,cloudy,1,258,pasta,76,71,4,9,62,13,0.9342105263157895,0.17105263157894737
1,Fri,dinner,2,cloudy,1,258,vegetables,74,68,5,9,59,14,0.918918918918919,0.1891891891891892
1,Fri,dinner,2,cloudy,1,258,dessert,81,62,16,4,58,20,0.7654320987654321,0.24691358024691357
1,Fri,dinner,3,sunny,0,178,chicken,60,57,0,5,52,5,0.95,0.08333333333333333
1,Fri,dinner,3,sunny,0,178,rice,47,39,2,9,30,11,0.8297872340425532,0.23404255319148937
1,Fri,dinner,3,sunny,0,178,pasta,72,56,11,4,52,15,0.7777777777777778,0.20833333333333334
1,Fri,dinner,3,sunny,0,178,vegetables,48,42,6,5,37,11,0.875,0.22916666666666666
1,Fri,dinner,3,sunny,0,178,dessert,40,37,2,4,33,6,0.925,0.15
2,Mon,breakfast,1,rainy,1,198,chicken,80,73,6,5,68,11,0.9125,0.1375
2,Mon,breakfast,1,rainy,1,198,rice,66,48,18,8,40,26,0.7272727272727273,0.3939393939393939
2,Mon,breakfast,1,rainy,1,198,pasta,70,62,3,5,57,8,0.8857142857142857,0.11428571428571428
2,Mon,breakfast,1,rainy,1,198,vegetables,40,37,0,6,31,6,0.925,0.15
2,Mon,breakfast,1,rainy,1,198,dessert,48,41,6,4,37,10,0.8541666666666666,0.20833333333333334
2,Mon,breakfast,2,sunny,1,187,chicken,55,38,15,3,35,18,0.6909090909090909,0.32727272727272727
2,Mon,breakfast,2,sunny,1,187,rice,49,44,3,5,39,8,0.8979591836734694,0.16326530612244897
2,Mon,breakfast,2,sunny,1,187,pasta,60,46,8,6,40,14,0.7666666666666667,0.23333333333333334
2,Mon,breakfast,2,sunny,1,187,vegetables,47,45,0,6,39,6,0.9574468085106383,0.1276595744680851
2,Mon,breakfast,2,sunny,1,187,dessert,62,55,4,4,51,8,0.8870967741935484,0.12903225806451613
2,Mon,breakfast,3,sunny,0,92,chicken,39,36,1,3,33,4,0.9230769230769231,0.10256410256410256
2,Mon,breakfast,3,sunny,0,92,rice,27,24,3,3,21,6,0.8888888888888888,0.2222222222222222
2,Mon,breakfast,3,sunny,0,92,pasta,30,23,0,3,20,3,0.7666666666666667,0.1
2,Mon,breakfast,3,sunny,0,92,vegetables,21,15,2,2,13,4,0.7142857142857143,0.19047619047619047
2,Mon,breakfast,3,sunny,0,92,dessert,20,19,0,1,18,1,0.95,0.05
2,Mon,lunch,1,sunny,0,278,chicken,88,72,9,7,65,16,0.8181818181818182,0.18181818181818182
2,Mon,lunch,1,sunny,0,278,rice,96,86,3,17,69,20,0.8958333333333334,0.20833333333333334
2,Mon,lunch,1,sunny,0,278,pasta,115,84,25,10,74,35,0.7304347826086957,0.30434782608695654
2,Mon,lunch,1,sunny,0,278,vegetables,73,48,18,7,41,25,0.6575342465753424,0.3424657534246575
2,Mon,lunch,1,sunny,0,278,dessert,84,80,0,6,74,6,0.9523809523809523,0.07142857142857142
2,Mon,lunch,2,sunny,0,292,chicken,90,80,3,5,75,8,0.8888888888888888,0.08888888888888889
2,Mon,lunch,2,sunny,0,292,rice,115,110,0,19,91,19,0.9565217391304348,0.16521739130434782
2,Mon,lunch,2,sunny,0,292,pasta,82,65,11,7,58,18,0.7926829268292683,0.21951219512195122
2,Mon,lunch,2,sunny,0,292,vegetables,55,46,6,5,41,11,0.8363636363636363,0.2
2,Mon,lunch,2,sunny,0,292,dessert,79,74,4,7,67,11,0.9367088607594937,0.13924050632911392
2,Mon,lunch,3,sunny,0,288,chicken,122,92,23,7,85,30,0.7540983606557377,0.2459016393442623
2,Mon,lunch,3,sunny,0,288,rice,90,84,4,14,70,18,0.9333333333333333,0.2
2,Mon,lunch,3,sunny,0,288,pasta,120,78,38,11,67,49,0.65,0.4083333333333333
2,Mon,lunch,3,sunny,0,288,vegetables,66,63,0,7,56,7,0.9545454545454546,0.10606060606060606
2,Mon,lunch,3,sunny,0,288,dessert,74,66,4,6,60,10,0.8918918918918919,0.13513513513513514
2,Mon,dinner,1,rainy,0,186,chicken,62,48,8,2,46,10,0.7741935483870968,0.16129032258064516
2,Mon,dinner,1,rainy,0,186,rice,58,51,5,7,44,12,0.8793103448275862,0.20689655172413793
2,Mon,dinner,1,rainy,0,186,pasta,65,48,16,6,42,22,0.7384615384615385,0.3384615384615385
2,Mon,dinner,1,rainy,0,186,vegetables,39,25,9,2,23,11,0.6410256410256411,0.28205128205128205
2,Mon,dinner,1,rainy,0,186,dessert,40,27,10,2,25,12,0.675,0.3
2,Mon,dinner,2,cloudy,0,259,chicken,116,93,23,7,86,30,0.8017241379310345,0.25862068965517243
2,Mon,dinner,2,cloudy,0,259,rice,93,62,27,10,52,37,0.6666666666666666,0.3978494623655914
2,Mon,dinner,2,cloudy,0,259,pasta,98,83,14,10,73,24,0.8469387755102041,0.24489795918367346
2,Mon,dinner,2,cloudy,0,259,vegetables,49,38,10,4,34,14,0.7755102040816326,0.2857142857142857
2,Mon,dinner,2,cloudy,0,259,dessert,80,61,13,4,57,17,0.7625,0.2125
2,Mon,dinner,3,rainy,0,220,chicken,85,69,14,4,65,18,0.8117647058823529,0.21176470588235294
2,Mon,dinner,3,rainy,0,220,rice,80,70,3,9,61,12,0.875,0.15
2,Mon,dinner,3,rainy,0,220,pasta,77,65,12,8,57,20,0.8441558441558441,0.2597402597402597
2,Mon,dinner,3,rainy,0,220,vegetables,55,46,9,5,41,14,0.8363636363636363,0.2545454545454545
2,Mon,dinner,3,rainy,0,220,dessert,57,42,13,4,38,17,0.7368421052631579,0.2982456140350877
2,Tue,breakfast,1,cloudy,1,190,chicken,72,48,18,3,45,21,0.6666666666666666,0.2916666666666667
2,Tue,breakfast,1,cloudy,1,190,rice,47,41,5,5,36,10,0.8723404255319149,0.2127659574468085
2,Tue,breakfast,1,cloudy,1,190,pasta,54,39,11,5,34,16,0.7222222222222222,0.2962962962962963
2,Tue,breakfast,1,cloudy,1,190,vegetables,56,37,14,6,31,20,0.6607142857142857,0.35714285714285715
2,Tue,breakfast,1,cloudy,1,190,dessert,54,49,4,4,45,8,0.9074074074074074,0.14814814814814814
2,Tue,breakfast,2,cloudy,0,161,chicken,66,54,9,5,49,14,0.8181818181818182,0.21212121212121213
2,Tue,breakfast,2,cloudy,0,161,rice,60,56,2,11,45,13,0.9333333333333333,0.21666666666666667
2,Tue,breakfast,2,cloudy,0,161,pasta,50,47,1,4,43,5,0.94,0.1
2,Tue,breakfast,2,cloudy,0,161,vegetables,43,30,12,5,25,17,0.6976744186046512,0.3953488372093023
2,Tue,breakfast,2,cloudy,0,161,dessert,43,40,0,2,38,2,0.9302325581395349,0.046511627906976744
2,Tue,breakfast,3,cloudy,0,147,chicken,63,51,5,2,49,7,0.8095238095238095,0.1111111111111111
2,Tue,breakfast,3,cloudy,0,147,rice,38,28,3,5,23,8,0.7368421052631579,0.21052631578947367
2,Tue,breakfast,3,cloudy,0,147,pasta,46,39,5,4,35,9,0.8478260869565217,0.1956521739130435
2,Tue,breakfast,3,cloudy,0,147,vegetables,29,21,8,2,19,10,0.7241379310344828,0.3448275862068966
2,Tue,breakfast,3,cloudy,0,147,dessert,49,37,7,3,34,10,0.7551020408163265,0.20408163265306123
2,Tue,lunch,1,cloudy,0,272,chicken,86,77,2,7,70,9,0.8953488372093024,0.10465116279069768
2,Tue,lunch,1,cloudy,0,272,rice,96,64,32,12,52,44,0.6666666666666666,0.4583333333333333
2,Tue,lunch,1,cloudy,0,272,pasta,77,51,21,7,44,28,0.6623376623376623,0.36363636363636365
2,Tue,lunch,1,cloudy,0,272,vegetables,80,77,1,13,64,14,0.9625,0.175
2,Tue,lunch,1,cloudy,0,272,dessert,78,60,18,4,56,22,0.7692307692307693,0.28205128205128205
2,Tue,lunch,2,sunny,0,294,chicken,107,79,28,8,71,36,0.7383177570093458,0.3364485981308411
2,Tue,lunch,2,sunny,0,294,rice,78,72,2,13,59,15,0.9230769230769231,0.19230769230769232
2,Tue,lunch,2,sunny,0,294,pasta,114,82,27,7,75,34,0.7192982456140351,0.2982456140350877
2,Tue,lunch,2,sunny,0,294,vegetables,62,42,15,7,35,22,0.6774193548387096,0.3548387096774194
2,Tue,lunch,2,sunny,0,294,dessert,68,53,8,6,47,14,0.7794117647058824,0.20588235294117646
2,Tue,lunch,3,cloudy,1,341,chicken,142,113,28,8,105,36,0.795774647887324,0.2535211267605634
2,Tue,lunch,3,cloudy,1,341,rice,130,94,29,14,80,43,0.7230769230769231,0.33076923076923076
2,Tue,lunch,3,cloudy,1,341,pasta,142,125,14,15,110,29,0.8802816901408451,0.20422535211267606
2,Tue,lunch,3,cloudy,1,341,vegetables,82,79,3,9,70,12,0.9634146341463414,0.14634146341463414
2,Tue,lunch,3,cloudy,1,341,dessert,76,53,22,5,48,27,0.6973684210526315,0.35526315789473684
2,Tue,dinner,1,rainy,0,228,chicken,96,77,19,4,73,23,0.8020833333333334,0.23958333333333334
2,Tue,dinner,1,rainy,0,228,rice,77,56,14,10,46,24,0.7272727272727273,0.3116883116883117
2,Tue,dinner,1,rainy,0,228,pasta,81,54,23,6,48,29,0.6666666666666666,0.35802469135802467
2,Tue,dinner,1,rainy,0,228,vegetables,57,45,12,8,37,20,0.7894736842105263,0.3508771929824561
2,Tue,dinner,1,rainy,0,228,dessert,48,32,11,2,30,13,0.6666666666666666,0.2708333333333333
2,Tue,dinner,2,cloudy,1,294,chicken,117,105,12,10,95,22,0.8974358974358975,0.18803418803418803
2,Tue,dinner,2,cloudy,1,294,rice,75,60,15,8,52,23,0.8,0.30666666666666664
2,Tue,dinner,2,cloudy,1,294,pasta,85,71,9,6,65,15,0.8352941176470589,0.17647058823529413
2,Tue,dinner,2,cloudy,1,294,vegetables,75,66,2,10,56,12,0.88,0.16
2,Tue,dinner,2,cloudy,1,294,dessert,97,65,32,6,59,38,0.6701030927835051,0.3917525773195876
2,Tue,dinner,3,sunny,0,236,chicken,73,61,11,5,56,16,0.8356164383561644,0.2191780821917808
2,Tue,dinner,3,sunny,0,236,rice,88,58,23,11,47,34,0.6590909090909091,0.38636363636363635
2,Tue,dinner,3,sunny,0,236,pasta,89,78,6,6,72,12,0.8764044943820225,0.1348314606741573
2,Tue,dinner,3,sunny,0,236,vegetables,60,51,6,6,45,12,0.85,0.2
2,Tue,dinner,3,sunny,0,236,dessert,76,67,4,7,60,11,0.881578947368421,0.14473684210526316
2,Wed,breakfast,1,sunny,0,125,chicken,50,41,4,3,38,7,0.82,0.14
2,Wed,breakfast,1,sunny,0,125,rice,39,33,5,6,27,11,0.8461538461538461,0.28205128205128205
2,Wed,breakfast,1,sunny,0,125,pasta,43,38,2,4,34,6,0.8837209302325582,0.13953488372093023
2,Wed,breakfast,1,sunny,0,125,vegetables,25,23,0,2,21,2,0.92,0.08
2,Wed,breakfast,1,sunny,0,125,dessert,34,30,0,3,27,3,0.8823529411764706,0.08823529411764706
2,Wed,breakfast,2,sunny,0,174,chicken,56,54,0,5,49,5,0.9642857142857143,0.08928571428571429
2,Wed,breakfast,2,sunny,0,174,rice,45,35,5,5,30,10,0.7777777777777778,0.2222222222222222
2,Wed,breakfast,2,sunny,0,174,pasta,48,35,8,4,31,12,0.7291666666666666,0.25
2,Wed,breakfast,2,sunny,0,174,vegetables,51,40,7,7,33,14,0.7843137254901961,0.27450980392156865
2,Wed,breakfast,2,sunny,0,174,dessert,44,33,4,4,29,8,0.75,0.18181818181818182
2,Wed,breakfast,3,rainy,0,133,chicken,51,33,15,2,31,17,0.6470588235294118,0.3333333333333333
2,Wed,breakfast,3,rainy,0,133,rice,50,47,2,8,39,10,0.94,0.2
2,Wed,breakfast,3,rainy,0,133,pasta,58,43,13,4,39,17,0.7413793103448276,0.29310344827586204
2,Wed,breakfast,3,rainy,0,133,vegetables,34,29,3,4,25,7,0.8529411764705882,0.20588235294117646
2,Wed,breakfast,3,rainy,0,133,dessert,41,32,8,3,29,11,0.7804878048780488,0.2682926829268293
2,Wed,lunch,1,cloudy,0,286,chicken,106,77,23,7,70,30,0.7264150943396226,0.2830188679245283
2,Wed,lunch,1,cloudy,0,286,rice,96,80,10,15,65,25,0.8333333333333334,0.2604166666666667
2,Wed,lunch,1,cloudy,0,286,pasta,86,66,19,10,56,29,0.7674418604651163,0.3372093023255814
2,Wed,lunch,1,cloudy,0,286,vegetables,81,52,26,8,44,34,0.6419753086419753,0.41975308641975306
2,Wed,lunch,1,cloudy,0,286,dessert,65,63,0,6,57,6,0.9692307692307692,0.09230769230769231
2,Wed,lunch,2,sunny,1,314,chicken,108,86,22,7,79,29,0.7962962962962963,0.26851851851851855
2,Wed,lunch,2,sunny,1,314,rice,98,71,27,13,58,40,0.7244897959183674,0.40816326530612246
2,Wed,lunch,2,sunny,1,314,pasta,99,76,21,8,68,29,0.7676767676767676,0.29292929292929293
2,Wed,lunch,2,sunny,1,314,vegetables,84,73,11,10,63,21,0.8690476190476191,0.25
2,Wed,lunch,2,sunny,1,314,dessert,94,74,15,9,65,24,0.7872340425531915,0.2553191489361702
2,Wed,lunch,3,sunny,0,278,chicken,105,100,0,5,95,5,0.9523809523809523,0.047619047619047616
2,Wed,lunch,3,sunny,0,278,rice,78,55,23,7,48,30,0.7051282051282052,0.38461538461538464
2,Wed,lunch,3,sunny,0,278,pasta,99,65,30,6,59,36,0.6565656565656566,0.36363636363636365
2,Wed,lunch,3,sunny,0,278,vegetables,67,58,9,6,52,15,0.8656716417910447,0.22388059701492538
2,Wed,lunch,3,sunny,0,278,dessert,81,75,0,7,68,7,0.9259259259259259,0.08641975308641975
2,Wed,dinner,1,sunny,0,239,chicken,90,62,25,3,59,28,0.6888888888888889,0.3111111111111111
2,Wed,dinner,1,sunny,0,239,rice,85,60,24,11,49,35,0.7058823529411765,0.4117647058823529
2,Wed,dinner,1,sunny,0,239,pasta,73,65,3,6,59,9,0.8904109589041096,0.1232876712328767
2,Wed,dinner,1,sunny,0,239,vegetables,68,48,14,8,40,22,0.7058823529411765,0.3235294117647059
2,Wed,dinner,1,sunny,0,239,dessert,80,61,18,4,57,22,0.7625,0.275
2,Wed,dinner,2,cloudy,0,231,chicken,103,90,11,7,83,18,0.8737864077669902,0.17475728155339806
2,Wed,dinner,2,cloudy,0,231,rice,90,83,7,16,67,23,0.9222222222222223,0.25555555555555554
2,Wed,dinner,2,cloudy,0,231,pasta,67,58,4,9,49,13,0.8656716417910447,0.19402985074626866
2,Wed,dinner,2,cloudy,0,231,vegetables,51,47,0,9,38,9,0.9215686274509803,0.17647058823529413
2,Wed,dinner,2,cloudy,0,231,dessert,72,60,9,6,54,15,0.8333333333333334,0.20833333333333334
2,Wed,dinner,3,cloudy,0,241,chicken,107,85,18,8,77,26,0.794392523364486,0.24299065420560748
2,Wed,dinner,3,cloudy,0,241,rice,89,70,12,15,55,27,0.7865168539325843,0.30337078651685395
2,Wed,dinner,3,cloudy,0,241,pasta,78,67,11,7,60,18,0.8589743589743589,0.23076923076923078
2,Wed,dinner,3,cloudy,0,241,vegetables,55,42,10,7,35,17,0.7636363636363637,0.3090909090909091
2,Wed,dinner,3,cloudy,0,241,dessert,68,57,9,5,52,14,0.8382352941176471,0.20588235294117646
2,Thu,breakfast,1,sunny,0,172,chicken,67,53,13,3,50,16,0.7910447761194029,0.23880597014925373
2,Thu,breakfast,1,sunny,0,172,rice,67,62,1,13,49,14,0.9253731343283582,0.208955223880597
2,Thu,breakfast,1,sunny,0,172,pasta,56,43,9,4,39,13,0.7678571428571429,0.23214285714285715
2,Thu,breakfast,1,sunny,0,172,vegetables,37,29,2,4,25,6,0.7837837837837838,0.16216216216216217
2,Thu,breakfast,1,sunny,0,172,dessert,54,47,3,5,42,8,0.8703703703703703,0.14814814814814814
2,Thu,breakfast,2,sunny,0,160,chicken,70,47,20,4,43,24,0.6714285714285714,0.34285714285714286
2,Thu,breakfast,2,sunny,0,160,rice,62,41,16,9,32,25,0.6612903225806451,0.4032258064516129
2,Thu,breakfast,2,sunny,0,160,pasta,49,34,11,4,30,15,0.6938775510204082,0.30612244897959184
2,Thu,breakfast,2,sunny,0,160,vegetables,35,26,7,4,22,11,0.7428571428571429,0.3142857142857143
2,Thu,breakfast,2,sunny,0,160,dessert,45,30,14,3,27,17,0.6666666666666666,0.37777777777777777
2,Thu,breakfast,3,sunny,0,137,chicken,55,39,10,3,36,13,0.7090909090909091,0.23636363636363636
2,Thu,breakfast,3,sunny,0,137,rice,40,36,0,5,31,5,0.9,0.125
2,Thu,breakfast,3,sunny,0,137,pasta,59,47,12,6,41,18,0.7966101694915254,0.3050847457627119
2,Thu,breakfast,3,sunny,0,137,vegetables,31,25,2,2,23,4,0.8064516129032258,0.12903225806451613
2,Thu,breakfast,3,sunny,0,137,dessert,39,35,4,4,31,8,0.8974358974358975,0.20512820512820512
2,Thu,lunch,1,rainy,0,261,chicken,82,63,12,6,57,18,0.7682926829268293,0.21951219512195122
2,Thu,lunch,1,rainy,0,261,rice,79,57,21,11,46,32,0.7215189873417721,0.4050632911392405
2,Thu,lunch,1,rainy,0,261,pasta,103,95,8,12,83,20,0.9223300970873787,0.1941747572815534
2,Thu,lunch,1,rainy,0,261,vegetables,51,43,7,6,37,13,0.8431372549019608,0.2549019607843137
2,Thu,lunch,1,rainy,0,261,dessert,60,43,17,5,38,22,0.7166666666666667,0.36666666666666664
2,Thu,lunch,2,sunny,0,280,chicken,109,90,14,6,84,20,0.8256880733944955,0.1834862385321101
2,Thu,lunch,2,sunny,0,280,rice,96,64,25,9,55,34,0.6666666666666666,0.3541666666666667
2,Thu,lunch,2,sunny,0,280,pasta,83,72,6,8,64,14,0.8674698795180723,0.1686746987951807
2,Thu,lunch,2,sunny,0,280,vegetables,66,58,1,6,52,7,0.8787878787878788,0.10606060606060606
2,Thu,lunch,2,sunny,0,280,dessert,64,43,20,4,39,24,0.671875,0.375
2,Thu,lunch,3,cloudy,1,317,chicken,105,90,15,7,83,22,0.8571428571428571,0.20952380952380953
2,Thu,lunch,3,cloudy,1,317,rice,94,68,23,11,57,34,0.723404255319149,0.3617021276595745
2,Thu,lunch,3,cloudy,1,317,pasta,110,101,6,13,88,19,0.9181818181818182,0.17272727272727273
2,Thu,lunch,3,cloudy,1,317,vegetables,67,55,11,10,45,21,0.8208955223880597,0.31343283582089554
2,Thu,lunch,3,cloudy,1,317,dessert,94,68,21,6,62,27,0.723404255319149,0.2872340425531915
2,Thu,dinner,1,cloudy,0,253,chicken,104,83,18,4,79,22,0.7980769230769231,0.21153846153846154
2,Thu,dinner,1,cloudy,0,253,rice,66,63,0,12,51,12,0.9545454545454546,0.18181818181818182
2,Thu,dinner,1,cloudy,0,253,pasta,77,63,14,5,58,19,0.8181818181818182,0.24675324675324675
2,Thu,dinner,1,cloudy,0,253,vegetables,70,45,18,5,40,23,0.6428571428571429,0.32857142857142857
2,Thu,dinner,1,cloudy,0,253,dessert,79,75,1,6,69,7,0.9493670886075949,0.08860759493670886
2,Thu,dinner,2,sunny,1,318,chicken,131,118,8,7,111,15,0.9007633587786259,0.11450381679389313
2,Thu,dinner,2,sunny,1,318,rice,104,89,9,12,77,21,0.8557692307692307,0.20192307692307693
2,Thu,dinner,2,sunny,1,318,pasta,132,112,17,13,99,30,0.8484848484848485,0.22727272727272727
2,Thu,dinner,2,sunny,1,318,vegetables,84,55,28,7,48,35,0.6547619047619048,0.4166666666666667
2,Thu,dinner,2,sunny,1,318,dessert,81,62,19,5,57,24,0.7654320987654321,0.2962962962962963
2,Thu,dinner,3,sunny,0,217,chicken,84,68,14,6,62,20,0.8095238095238095,0.23809523809523808
2,Thu,dinner,3,sunny,0,217,rice,72,60,9,10,50,19,0.8333333333333334,0.2638888888888889
2,Thu,dinner,3,sunny,0,217,pasta,92,63,27,8,55,35,0.6847826086956522,0.3804347826086957
2,Thu,dinner,3,sunny,0,217,vegetables,57,47,8,7,40,15,0.8245614035087719,0.2631578947368421
2,Thu,dinner,3,sunny,0,217,dessert,67,50,13,3,47,16,0.746268656716418,0.23880597014925373
2,Fri,breakfast,1,sunny,0,80,chicken,26,25,0,2,23,2,0.9615384615384616,0.07692307692307693
2,Fri,breakfast,1,sunny,0,80,rice,29,20,6,4,16,10,0.6896551724137931,0.3448275862068966
2,Fri,breakfast,1,sunny,0,80,pasta,30,20,5,2,18,7,0.6666666666666666,0.23333333333333334
2,Fri,breakfast,1,sunny,0,80,vegetables,20,16,4,2,14,6,0.8,0.3
2,Fri,breakfast,1,sunny,0,80,dessert,23,15,5,1,14,6,0.6521739130434783,0.2608695652173913
2,Fri,breakfast,2,cloudy,0,130,chicken,47,35,11,2,33,13,0.7446808510638298,0.2765957446808511
2,Fri,breakfast,2,cloudy,0,130,rice,37,34,1,4,30,5,0.918918918918919,0.13513513513513514
2,Fri,breakfast,2,cloudy,0,130,pasta,49,42,5,3,39,8,0.8571428571428571,0.16326530612244897
2,Fri,breakfast,2,cloudy,0,130,vegetables,32,22,5,2,20,7,0.6875,0.21875
2,Fri,breakfast,2,cloudy,0,130,dessert,44,29,15,3,26,18,0.6590909090909091,0.4090909090909091
2,Fri,breakfast,3,sunny,0,121,chicken,36,32,0,2,30,2,0.8888888888888888,0.05555555555555555
2,Fri,breakfast,3,sunny,0,121,rice,42,28,8,5,23,13,0.6666666666666666,0.30952380952380953
2,Fri,breakfast,3,sunny,0,121,pasta,37,26,7,2,24,9,0.7027027027027027,0.24324324324324326
2,Fri,breakfast,3,sunny,0,121,vegetables,31,25,0,3,22,3,0.8064516129032258,0.0967741935483871
2,Fri,breakfast,3,sunny,0,121,dessert,37,28,7,3,25,10,0.7567567567567568,0.2702702702702703
2,Fri,lunch,1,sunny,0,270,chicken,113,73,38,5,68,43,0.6460176991150443,0.3805309734513274
2,Fri,lunch,1,sunny,0,270,rice,84,76,2,14,62,16,0.9047619047619048,0.19047619047619047
2,Fri,lunch,1,sunny,0,270,pasta,80,66,10,6,60,16,0.825,0.2
2,Fri,lunch,1,sunny,0,270,vegetables,75,64,7,7,57,14,0.8533333333333334,0.18666666666666668
2,Fri,lunch,1,sunny,0,270,dessert,90,72,15,5,67,20,0.8,0.2222222222222222
2,Fri,lunch,2,sunny,0,275,chicken,91,63,27,3,60,30,0.6923076923076923,0.32967032967032966
2,Fri,lunch,2,sunny,0,275,rice,82,73,9,12,61,21,0.8902439024390244,0.25609756097560976
2,Fri,lunch,2,sunny,0,275,pasta,103,96,6,10,86,16,0.9320388349514563,0.1553398058252427
2,Fri,lunch,2,sunny,0,275,vegetables,79,76,3,13,63,16,0.9620253164556962,0.20253164556962025
2,Fri,lunch,2,sunny,0,275,dessert,91,83,8,6,77,14,0.9120879120879121,0.15384615384615385
2,Fri,lunch,3,sunny,0,258,chicken,102,88,7,8,80,15,0.8627450980392157,0.14705882352941177
2,Fri,lunch,3,sunny,0,258,rice,73,68,1,11,57,12,0.9315068493150684,0.1643835616438356
2,Fri,lunch,3,sunny,0,258,pasta,77,68,5,8,60,13,0.8831168831168831,0.16883116883116883
2,Fri,lunch,3,sunny,0,258,vegetables,49,32,17,5,27,22,0.6530612244897959,0.4489795918367347
2,Fri,lunch,3,sunny,0,258,dessert,57,38,15,2,36,17,0.6666666666666666,0.2982456140350877
2,Fri,dinner,1,sunny,0,238,chicken,87,85,0,8,77,8,0.9770114942528736,0.09195402298850575
2,Fri,dinner,1,sunny,0,238,rice,83,59,20,8,51,28,0.7108433734939759,0.3373493975903614
2,Fri,dinner,1,sunny,0,238,pasta,87,80,6,7,73,13,0.9195402298850575,0.14942528735632185
2,Fri,dinner,1,sunny,0,238,vegetables,45,30,9,5,25,14,0.6666666666666666,0.3111111111111111
2,Fri,dinner,1,sunny,0,238,dessert,74,53,15,6,47,21,0.7162162162162162,0.28378378378378377
2,Fri,dinner,2,sunny,0,246,chicken,98,80,17,4,76,21,0.8163265306122449,0.21428571428571427
2,Fri,dinner,2,sunny,0,246,rice,73,50,22,8,42,30,0.684931506849315,0.410958904109589
2,Fri,dinner,2,sunny,0,246,pasta,92,77,8,10,67,18,0.8369565217391305,0.1956521739130435
2,Fri,dinner,2,sunny,0,246,vegetables,63,44,19,4,40,23,0.6984126984126984,0.36507936507936506
2,Fri,dinner,2,sunny,0,246,dessert,81,58,21,5,53,26,0.7160493827160493,0.32098765432098764
2,Fri,dinner,3,sunny,0,231,chicken,72,53,16,5,48,21,0.7361111111111112,0.2916666666666667
2,Fri,dinner,3,sunny,0,231,rice,64,60,2,11,49,13,0.9375,0.203125
2,Fri,dinner,3,sunny,0,231,pasta,89,67,19,9,58,28,0.7528089887640449,0.3146067415730337
2,Fri,dinner,3,sunny,0,231,vegetables,67,49,14,8,41,22,0.7313432835820896,0.3283582089552239
2,Fri,dinner,3,sunny,0,231,dessert,77,69,2,7,62,9,0.8961038961038961,0.11688311688311688
3,Mon,breakfast,1,sunny,0,146,chicken,65,43,18,2,41,20,0.6615384615384615,0.3076923076923077
3,Mon,breakfast,1,sunny,0,146,rice,51,34,11,7,27,18,0.6666666666666666,0.35294117647058826
3,Mon,breakfast,1,sunny,0,146,pasta,52,48,2,6,42,8,0.9230769230769231,0.15384615384615385
3,Mon,breakfast,1,sunny,0,146,vegetables,39,34,0,5,29,5,0.8717948717948718,0.1282051282051282
3,Mon,breakfast,1,sunny,0,146,dessert,41,35,0,4,31,4,0.8536585365853658,0.0975609756097561
3,Mon,breakfast,2,sunny,1,180,chicken,56,46,7,4,42,11,0.8214285714285714,0.19642857142857142
3,Mon,breakfast,2,sunny,1,180,rice,64,62,0,8,54,8,0.96875,0.125
3,Mon,breakfast,2,sunny,1,180,pasta,75,65,6,6,59,12,0.8666666666666667,0.16
3,Mon,breakfast,2,sunny,1,180,vegetables,48,40,8,4,36,12,0.8333333333333334,0.25
3,Mon,breakfast,2,sunny,1,180,dessert,46,38,7,3,35,10,0.8260869565217391,0.21739130434782608
3,Mon,breakfast,3,sunny,0,124,chicken,56,43,11,3,40,14,0.7678571428571429,0.25
3,Mon,breakfast,3,sunny,0,124,rice,46,37,8,6,31,14,0.8043478260869565,0.30434782608695654
3,Mon,breakfast,3,sunny,0,124,pasta,41,32,2,4,28,6,0.7804878048780488,0.14634146341463414
3,Mon,breakfast,3,sunny,0,124,vegetables,26,18,3,2,16,5,0.6923076923076923,0.19230769230769232
3,Mon,breakfast,3,sunny,0,124,dessert,37,24,10,2,22,12,0.6486486486486487,0.32432432432432434
3,Mon,lunch,1,sunny,0,292,chicken,104,97,5,7,90,12,0.9326923076923077,0.11538461538461539
3,Mon,lunch,1,sunny,0,292,rice,75,63,9,11,52,20,0.84,0.26666666666666666
3,Mon,lunch,1,sunny,0,292,pasta,82,66,14,8,58,22,0.8048780487804879,0.2682926829268293
3,Mon,lunch,1,sunny,0,292,vegetables,63,58,0,8,50,8,0.9206349206349206,0.12698412698412698
3,Mon,lunch,1,sunny,0,292,dessert,67,58,8,6,52,14,0.8656716417910447,0.208955223880597
3,Mon,lunch,2,cloudy,0,224,chicken,70,53,16,4,49,20,0.7571428571428571,0.2857142857142857
3,Mon,lunch,2,cloudy,0,224,rice,68,45,17,9,36,26,0.6617647058823529,0.38235294117647056
3,Mon,lunch,2,cloudy,0,224,pasta,98,93,5,12,81,17,0.9489795918367347,0.17346938775510204
3,Mon,lunch,2,cloudy,0,224,vegetables,58,47,5,5,42,10,0.8103448275862069,0.1724137931034483
3,Mon,lunch,2,cloudy,0,224,dessert,59,54,5,5,49,10,0.9152542372881356,0.1694915254237288
3,Mon,lunch,3,sunny,1,336,chicken,129,125,2,7,118,9,0.9689922480620154,0.06976744186046512
3,Mon,lunch,3,sunny,1,336,rice,85,78,7,12,66,19,0.9176470588235294,0.2235294117647059
3,Mon,lunch,3,sunny,1,336,pasta,143,129,12,11,118,23,0.9020979020979021,0.16083916083916083
3,Mon,lunch,3,sunny,1,336,vegetables,79,74,1,13,61,14,0.9367088607594937,0.17721518987341772
3,Mon,lunch,3,sunny,1,336,dessert,92,73,16,9,64,25,0.7934782608695652,0.2717391304347826
3,Mon,dinner,1,sunny,0,239,chicken,86,76,5,7,69,12,0.8837209302325582,0.13953488372093023
3,Mon,dinner,1,sunny,0,239,rice,67,46,18,7,39,25,0.6865671641791045,0.373134328358209
3,Mon,dinner,1,sunny,0,239,pasta,91,87,1,7,80,8,0.9560439560439561,0.08791208791208792
3,Mon,dinner,1,sunny,0,239,vegetables,46,30,10,3,27,13,0.6521739130434783,0.2826086956521739
3,Mon,dinner,1,sunny,0,239,dessert,78,57,16,4,53,20,0.7307692307692307,0.2564102564102564
3,Mon,dinner,2,cloudy,0,275,chicken,91,63,26,6,57,32,0.6923076923076923,0.3516483516483517
3,Mon,dinner,2,cloudy,0,275,rice,71,67,1,9,58,10,0.9436619718309859,0.14084507042253522
3,Mon,dinner,2,cloudy,0,275,pasta,89,80,3,7,73,10,0.898876404494382,0.11235955056179775
3,Mon,dinner,2,cloudy,0,275,vegetables,52,45,1,8,37,9,0.8653846153846154,0.17307692307692307
3,Mon,dinner,2,cloudy,0,275,dessert,89,69,13,8,61,21,0.7752808988764045,0.23595505617977527
3,Mon,dinner,3,cloudy,0,217,chicken,83,66,10,6,60,16,0.7951807228915663,0.1927710843373494
3,Mon,dinner,3,cloudy,0,217,rice,85,60,21,7,53,28,0.7058823529411765,0.32941176470588235
3,Mon,dinner,3,cloudy,0,217,pasta,67,49,12,7,42,19,0.7313432835820896,0.2835820895522388
3,Mon,dinner,3,cloudy,0,217,vegetables,53,51,0,6,45,6,0.9622641509433962,0.11320754716981132
3,Mon,dinner,3,cloudy,0,217,dessert,66,44,22,4,40,26,0.6666666666666666,0.3939393939393939
3,Tue,breakfast,1,sunny,0,151,chicken,65,51,9,3,48,12,0.7846153846153846,0.18461538461538463
3,Tue,breakfast,1,sunny,0,151,rice,57,49,1,8,41,9,0.8596491228070176,0.15789473684210525
3,Tue,breakfast,1,sunny,0,151,pasta,52,46,0,4,42,4,0.8846153846153846,0.07692307692307693
3,Tue,breakfast,1,sunny,0,151,vegetables,37,33,0,4,29,4,0.8918918918918919,0.10810810810810811
3,Tue,breakfast,1,sunny,0,151,dessert,47,38,5,3,35,8,0.8085106382978723,0.1702127659574468
3,Tue,breakfast,2,sunny,0,142,chicken,45,42,0,4,38,4,0.9333333333333333,0.08888888888888889
3,Tue,breakfast,2,sunny,0,142,rice,40,38,0,7,31,7,0.95,0.175
3,Tue,breakfast,2,sunny,0,142,pasta,57,37,15,3,34,18,0.6491228070175439,0.3157894736842105
3,Tue,breakfast,2,sunny,0,142,vegetables,32,23,7,3,20,10,0.71875,0.3125
3,Tue,breakfast,2,sunny,0,142,dessert,32,27,4,3,24,7,0.84375,0.21875
3,Tue,breakfast,3,sunny,0,172,chicken,55,39,13,2,37,15,0.7090909090909091,0.2727272727272727
3,Tue,breakfast,3,sunny,0,172,rice,63,52,5,10,42,15,0.8253968253968254,0.23809523809523808
3,Tue,breakfast,3,sunny,0,172,pasta,65,46,18,6,40,24,0.7076923076923077,0.36923076923076925
3,Tue,breakfast,3,sunny,0,172,vegetables,35,30,0,5,25,5,0.8571428571428571,0.14285714285714285
3,Tue,breakfast,3,sunny,0,172,dessert,50,38,10,4,34,14,0.76,0.28
3,Tue,lunch,1,sunny,1,309,chicken,136,117,16,7,110,23,0.8602941176470589,0.16911764705882354
3,Tue,lunch,1,sunny,1,309,rice,114,110,4,24,86,28,0.9649122807017544,0.24561403508771928
3,Tue,lunch,1,sunny,1,309,pasta,125,102,17,15,87,32,0.816,0.256
3,Tue,lunch,1,sunny,1,309,vegetables,74,51,22,8,43,30,0.6891891891891891,0.40540540540540543
3,Tue,lunch,1,sunny,1,309,dessert,72,67,0,6,61,6,0.9305555555555556,0.08333333333333333
3,Tue,lunch,2,rainy,0,254,chicken,77,50,26,4,46,30,0.6493506493506493,0.38961038961038963
3,Tue,lunch,2,rainy,0,254,rice,66,58,4,8,50,12,0.8787878787878788,0.18181818181818182
3,Tue,lunch,2,rainy,0,254,pasta,82,78,1,7,71,8,0.9512195121951219,0.0975609756097561
3,Tue,lunch,2,rainy,0,254,vegetables,56,45,8,8,37,16,0.8035714285714286,0.2857142857142857
3,Tue,lunch,2,rainy,0,254,dessert,64,46,15,5,41,20,0.71875,0.3125
3,Tue,lunch,3,sunny,0,296,chicken,90,65,25,4,61,29,0.7222222222222222,0.32222222222222224
3,Tue,lunch,3,sunny,0,296,rice,106,75,25,14,61,39,0.7075471698113207,0.36792452830188677
3,Tue,lunch,3,sunny,0,296,pasta,111,85,24,12,73,36,0.7657657657657657,0.32432432432432434
3,Tue,lunch,3,sunny,0,296,vegetables,83,60,19,6,54,25,0.7228915662650602,0.30120481927710846
3,Tue,lunch,3,sunny,0,296,dessert,88,66,19,7,59,26,0.75,0.29545454545454547
3,Tue,dinner,1,sunny,0,250,chicken,100,97,0,5,92,5,0.97,0.05
3,Tue,dinner,1,sunny,0,250,rice,86,75,6,13,62,19,0.872093023255814,0.22093023255813954
3,Tue,dinner,1,sunny,0,250,pasta,83,55,24,7,48,31,0.6626506024096386,0.37349397590361444
3,Tue,dinner,1,sunny,0,250,vegetables,65,62,0,11,51,11,0.9538461538461539,0.16923076923076924
3,Tue,dinner,1,sunny,0,250,dessert,78,52,24,6,46,30,0.6666666666666666,0.38461538461538464
3,Tue,dinner,2,rainy,1,245,chicken,89,71,11,6,65,17,0.797752808988764,0.19101123595505617
3,Tue,dinner,2,rainy,1,245,rice,65,51,12,10,41,22,0.7846153846153846,0.3384615384615385
3,Tue,dinner,2,rainy,1,245,pasta,84,55,28,7,48,35,0.6547619047619048,0.4166666666666667
3,Tue,dinner,2,rainy,1,245,vegetables,72,49,18,8,41,26,0.6805555555555556,0.3611111111111111
3,Tue,dinner,2,rainy,1,245,dessert,80,71,6,8,63,14,0.8875,0.175
3,Tue,dinner,3,rainy,1,268,chicken,102,87,13,7,80,20,0.8529411764705882,0.19607843137254902
3,Tue,dinner,3,rainy,1,268,rice,102,70,28,14,56,42,0.6862745098039216,0.4117647058823529
3,Tue,dinner,3,rainy,1,268,pasta,76,56,20,4,52,24,0.7368421052631579,0.3157894736842105
3,Tue,dinner,3,rainy,1,268,vegetables,64,47,15,7,40,22,0.734375,0.34375
3,Tue,dinner,3,rainy,1,268,dessert,64,57,5,6,51,11,0.890625,0.171875
3,Wed,breakfast,1,cloudy,1,199,chicken,87,61,22,3,58,25,0.7011494252873564,0.28735632183908044
3,Wed,breakfast,1,cloudy,1,199,rice,74,55,17,9,46,26,0.7432432432432432,0.35135135135135137
3,Wed,breakfast,1,cloudy,1,199,pasta,87,81,2,9,72,11,0.9310344827586207,0.12643678160919541
3,Wed,breakfast,1,cloudy,1,199,vegetables,42,30,8,4,26,12,0.7142857142857143,0.2857142857142857
3,Wed,breakfast,1,cloudy,1,199,dessert,44,41,3,4,37,7,0.9318181818181818,0.1590909090909091
3,Wed,breakfast,2,cloudy,0,174,chicken,50,43,2,2,41,4,0.86,0.08
3,Wed,breakfast,2,cloudy,0,174,rice,54,48,5,9,39,14,0.8888888888888888,0.25925925925925924
3,Wed,breakfast,2,cloudy,0,174,pasta,52,36,11,5,31,16,0.6923076923076923,0.3076923076923077
3,Wed,breakfast,2,cloudy,0,174,vegetables,44,38,0,4,34,4,0.8636363636363636,0.09090909090909091
3,Wed,breakfast,2,cloudy,0,174,dessert,39,28,9,3,25,12,0.717948717948718,0.3076923076923077
3,Wed,breakfast,3,cloudy,0,169,chicken,63,54,9,3,51,12,0.8571428571428571,0.19047619047619047
3,Wed,breakfast,3,cloudy,0,169,rice,42,27,13,5,22,18,0.6428571428571429,0.42857142857142855
3,Wed,breakfast,3,cloudy,0,169,pasta,50,37,9,5,32,14,0.74,0.28
3,Wed,breakfast,3,cloudy,0,169,vegetables,40,34,0,5,29,5,0.85,0.125
3,Wed,breakfast,3,cloudy,0,169,dessert,41,29,7,2,27,9,0.7073170731707317,0.21951219512195122
3,Wed,lunch,1,sunny,1,332,chicken,143,132,5,9,123,14,0.9230769230769231,0.0979020979020979
3,Wed,lunch,1,sunny,1,332,rice,122,102,18,18,84,36,0.8360655737704918,0.29508196721311475
3,Wed,lunch,1,sunny,1,332,pasta,93,68,25,9,59,34,0.7311827956989247,0.3655913978494624
3,Wed,lunch,1,sunny,1,332,vegetables,85,58,21,7,51,28,0.6823529411764706,0.32941176470588235
3,Wed,lunch,1,sunny,1,332,dessert,94,62,27,6,56,33,0.6595744680851063,0.35106382978723405
3,Wed,lunch,2,sunny,1,305,chicken,109,85,20,8,77,28,0.7798165137614679,0.25688073394495414
3,Wed,lunch,2,sunny,1,305,rice,88,76,11,12,64,23,0.8636363636363636,0.26136363636363635
3,Wed,lunch,2,sunny,1,305,pasta,131,120,9,10,110,19,0.916030534351145,0.1450381679389313
3,Wed,lunch,2,sunny,1,305,vegetables,57,50,7,8,42,15,0.8771929824561403,0.2631578947368421
3,Wed,lunch,2,sunny,1,305,dessert,88,77,6,5,72,11,0.875,0.125
3,Wed,lunch,3,rainy,0,234,chicken,71,60,11,4,56,15,0.8450704225352113,0.2112676056338028
3,Wed,lunch,3,rainy,0,234,rice,60,40,14,6,34,20,0.6666666666666666,0.3333333333333333
3,Wed,lunch,3,rainy,0,234,pasta,80,69,9,9,60,18,0.8625,0.225
3,Wed,lunch,3,rainy,0,234,vegetables,59,38,16,6,32,22,0.6440677966101694,0.3728813559322034
3,Wed,lunch,3,rainy,0,234,dessert,53,37,11,2,35,13,0.6981132075471698,0.24528301886792453
3,Wed,dinner,1,cloudy,0,241,chicken,75,49,24,3,46,27,0.6533333333333333,0.36
3,Wed,dinner,1,cloudy,0,241,rice,76,51,21,8,43,29,0.6710526315789473,0.3815789473684211
3,Wed,dinner,1,cloudy,0,241,pasta,71,59,6,6,53,12,0.8309859154929577,0.16901408450704225
3,Wed,dinner,1,cloudy,0,241,vegetables,67,45,20,6,39,26,0.6716417910447762,0.3880597014925373
3,Wed,dinner,1,cloudy,0,241,dessert,64,55,5,4,51,9,0.859375,0.140625
3,Wed,dinner,2,rainy,1,250,chicken,81,62,16,4,58,20,0.7654320987654321,0.24691358024691357
3,Wed,dinner,2,rainy,1,250,rice,96,76,13,12,64,25,0.7916666666666666,0.2604166666666667
3,Wed,dinner,2,rainy,1,250,pasta,69,53,13,4,49,17,0.7681159420289855,0.2463768115942029
3,Wed,dinner,2,rainy,1,250,vegetables,66,51,11,6,45,17,0.7727272727272727,0.25757575757575757
3,Wed,dinner,2,rainy,1,250,dessert,73,48,19,5,43,24,0.6575342465753424,0.3287671232876712
3,Wed,dinner,3,sunny,0,266,chicken,92,61,31,4,57,35,0.6630434782608695,0.3804347826086957
3,Wed,dinner,3,sunny,0,266,rice,70,65,0,11,54,11,0.9285714285714286,0.15714285714285714
3,Wed,dinner,3,sunny,0,266,pasta,82,80,0,9,71,9,0.975609756097561,0.10975609756097561
3,Wed,dinner,3,sunny,0,266,vegetables,54,52,0,6,46,6,0.9629629629629629,0.1111111111111111
3,Wed,dinner,3,sunny,0,266,dessert,73,70,1,6,64,7,0.958904109589041,0.0958904109589041
3,Thu,breakfast,1,cloudy,0,167,chicken,59,46,9,3,43,12,0.7796610169491526,0.2033898305084746
3,Thu,breakfast,1,cloudy,0,167,rice,53,39,10,8,31,18,0.7358490566037735,0.33962264150943394
3,Thu,breakfast,1,cloudy,0,167,pasta,56,43,8,5,38,13,0.7678571428571429,0.23214285714285715
3,Thu,breakfast,1,cloudy,0,167,vegetables,42,38,0,7,31,7,0.9047619047619048,0.16666666666666666
3,Thu,breakfast,1,cloudy,0,167,dessert,48,33,8,2,31,10,0.6875,0.20833333333333334
3,Thu,breakfast,2,rainy,0,128,chicken,48,43,3,4,39,7,0.8958333333333334,0.14583333333333334
3,Thu,breakfast,2,rainy,0,128,rice,38,35,2,7,28,9,0.9210526315789473,0.23684210526315788
3,Thu,breakfast,2,rainy,0,128,pasta,36,27,6,2,25,8,0.75,0.2222222222222222
3,Thu,breakfast,2,rainy,0,128,vegetables,35,29,0,3,26,3,0.8285714285714286,0.08571428571428572
3,Thu,breakfast,2,rainy,0,128,dessert,29,23,4,2,21,6,0.7931034482758621,0.20689655172413793
3,Thu,breakfast,3,cloudy,0,116,chicken,48,35,6,2,33,8,0.7291666666666666,0.16666666666666666
3,Thu,breakfast,3,cloudy,0,116,rice,39,27,9,4,23,13,0.6923076923076923,0.3333333333333333
3,Thu,breakfast,3,cloudy,0,116,pasta,48,42,0,6,36,6,0.875,0.125
3,Thu,breakfast,3,cloudy,0,116,vegetables,34,32,0,5,27,5,0.9411764705882353,0.14705882352941177
3,Thu,breakfast,3,cloudy,0,116,dessert,31,20,5,2,18,7,0.6451612903225806,0.22580645161290322
3,Thu,lunch,1,cloudy,0,292,chicken,131,91,33,7,84,40,0.6946564885496184,0.3053435114503817
3,Thu,lunch,1,cloudy,0,292,rice,77,69,2,12,57,14,0.8961038961038961,0.18181818181818182
3,Thu,lunch,1,cloudy,0,292,pasta,98,72,19,7,65,26,0.7346938775510204,0.2653061224489796
3,Thu,lunch,1,cloudy,0,292,vegetables,69,58,9,10,48,19,0.8405797101449275,0.2753623188405797
3,Thu,lunch,1,cloudy,0,292,dessert,83,77,5,9,68,14,0.927710843373494,0.1686746987951807
3,Thu,lunch,2,rainy,0,257,chicken,100,91,3,7,84,10,0.91,0.1
3,Thu,lunch,2,rainy,0,257,rice,68,63,5,10,53,15,0.9264705882352942,0.22058823529411764
3,Thu,lunch,2,rainy,0,257,pasta,83,60,21,6,54,27,0.7228915662650602,0.3253012048192771
3,Thu,lunch,2,rainy,0,257,vegetables,61,49,6,7,42,13,0.8032786885245902,0.21311475409836064
3,Thu,lunch,2,rainy,0,257,dessert,78,70,3,8,62,11,0.8974358974358975,0.14102564102564102
3,Thu,lunch,3,rainy,0,256,chicken,89,81,1,5,76,6,0.9101123595505618,0.06741573033707865
3,Thu,lunch,3,rainy,0,256,rice,84,76,7,17,59,24,0.9047619047619048,0.2857142857142857
3,Thu,lunch,3,rainy,0,256,pasta,98,90,2,9,81,11,0.9183673469387755,0.11224489795918367
3,Thu,lunch,3,rainy,0,256,vegetables,49,37,6,5,32,11,0.7551020408163265,0.22448979591836735
3,Thu,lunch,3,rainy,0,256,dessert,59,53,0,6,47,6,0.8983050847457628,0.1016949152542373
3,Thu,dinner,1,cloudy,0,225,chicken,91,62,28,4,58,32,0.6813186813186813,0.3516483516483517
3,Thu,dinner,1,cloudy,0,225,rice,58,45,8,7,38,15,0.7758620689655172,0.25862068965517243
3,Thu,dinner,1,cloudy,0,225,pasta,73,60,9,7,53,16,0.821917808219178,0.2191780821917808
3,Thu,dinner,1,cloudy,0,225,vegetables,66,44,20,8,36,28,0.6666666666666666,0.42424242424242425
3,Thu,dinner,1,cloudy,0,225,dessert,72,62,9,4,58,13,0.8611111111111112,0.18055555555555555
3,Thu,dinner,2,cloudy,0,207,chicken,67,49,13,4,45,17,0.7313432835820896,0.2537313432835821
3,Thu,dinner,2,cloudy,0,207,rice,56,41,9,5,36,14,0.7321428571428571,0.25
3,Thu,dinner,2,cloudy,0,207,pasta,73,52,17,6,46,23,0.7123287671232876,0.3150684931506849
3,Thu,dinner,2,cloudy,0,207,vegetables,39,28,11,3,25,14,0.717948717948718,0.358974358974359
3,Thu,dinner,2,cloudy,0,207,dessert,47,44,0,4,40,4,0.9361702127659575,0.0851063829787234
3,Thu,dinner,3,cloudy,0,224,chicken,85,73,11,5,68,16,0.8588235294117647,0.18823529411764706
3,Thu,dinner,3,cloudy,0,224,rice,79,72,2,15,57,17,0.9113924050632911,0.21518987341772153
3,Thu,dinner,3,cloudy,0,224,pasta,82,56,19,8,48,27,0.6829268292682927,0.32926829268292684
3,Thu,dinner,3,cloudy,0,224,vegetables,48,39,8,5,34,13,0.8125,0.2708333333333333
3,Thu,dinner,3,cloudy,0,224,dessert,71,63,8,5,58,13,0.8873239436619719,0.18309859154929578
3,Fri,breakfast,1,sunny,0,107,chicken,35,30,4,1,29,5,0.8571428571428571,0.14285714285714285
3,Fri,breakfast,1,sunny,0,107,rice,34,25,2,5,20,7,0.7352941176470589,0.20588235294117646
3,Fri,breakfast,1,sunny,0,107,pasta,35,23,10,2,21,12,0.6571428571428571,0.34285714285714286
3,Fri,breakfast,1,sunny,0,107,vegetables,26,24,1,3,21,4,0.9230769230769231,0.15384615384615385
3,Fri,breakfast,1,sunny,0,107,dessert,34,26,1,3,23,4,0.7647058823529411,0.11764705882352941
3,Fri,breakfast,2,rainy,1,145,chicken,44,29,12,2,27,14,0.6590909090909091,0.3181818181818182
3,Fri,breakfast,2,rainy,1,145,rice,50,44,0,5,39,5,0.88,0.1
3,Fri,breakfast,2,rainy,1,145,pasta,45,42,0,4,38,4,0.9333333333333333,0.08888888888888889
3,Fri,breakfast,2,rainy,1,145,vegetables,39,37,0,6,31,6,0.9487179487179487,0.15384615384615385
3,Fri,breakfast,2,rainy,1,145,dessert,35,28,3,3,25,6,0.8,0.17142857142857143
3,Fri,breakfast,3,sunny,0,120,chicken,43,34,4,2,32,6,0.7906976744186046,0.13953488372093023
3,Fri,breakfast,3,sunny,0,120,rice,43,27,12,5,22,17,0.627906976744186,0.3953488372093023
3,Fri,breakfast,3,sunny,0,120,pasta,41,37,0,5,32,5,0.9024390243902439,0.12195121951219512
3,Fri,breakfast,3,sunny,0,120,vegetables,27,25,0,4,21,4,0.9259259259259259,0.14814814814814814
3,Fri,breakfast,3,sunny,0,120,dessert,28,24,3,2,22,5,0.8571428571428571,0.17857142857142858
3,Fri,lunch,1,cloudy,0,272,chicken,84,75,6,7,68,13,0.8928571428571429,0.15476190476190477
3,Fri,lunch,1,cloudy,0,272,rice,84,74,7,10,64,17,0.8809523809523809,0.20238095238095238
3,Fri,lunch,1,cloudy,0,272,pasta,78,51,27,6,45,33,0.6538461538461539,0.4230769230769231
3,Fri,lunch,1,cloudy,0,272,vegetables,54,44,6,5,39,11,0.8148148148148148,0.2037037037037037
3,Fri,lunch,1,cloudy,0,272,dessert,81,59,21,7,52,28,0.7283950617283951,0.345679012345679
3,Fri,lunch,2,sunny,0,255,chicken,91,75,9,6,69,15,0.8241758241758241,0.16483516483516483
3,Fri,lunch,2,sunny,0,255,rice,91,85,5,11,74,16,0.9340659340659341,0.17582417582417584
3,Fri,lunch,2,sunny,0,255,pasta,98,73,19,10,63,29,0.7448979591836735,0.29591836734693877
3,Fri,lunch,2,sunny,0,255,vegetables,54,37,12,6,31,18,0.6851851851851852,0.3333333333333333
3,Fri,lunch,2,sunny,0,255,dessert,54,48,5,5,43,10,0.8888888888888888,0.18518518518518517
3,Fri,lunch,3,sunny,0,207,chicken,71,54,11,4,50,15,0.7605633802816901,0.2112676056338028
3,Fri,lunch,3,sunny,0,207,rice,62,47,13,5,42,18,0.7580645161290323,0.2903225806451613
3,Fri,lunch,3,sunny,0,207,pasta,79,65,12,9,56,21,0.8227848101265823,0.26582278481012656
3,Fri,lunch,3,sunny,0,207,vegetables,39,36,3,6,30,9,0.9230769230769231,0.23076923076923078
3,Fri,lunch,3,sunny,0,207,dessert,51,36,8,2,34,10,0.7058823529411765,0.19607843137254902
3,Fri,dinner,1,sunny,0,217,chicken,90,72,17,4,68,21,0.8,0.23333333333333334
3,Fri,dinner,1,sunny,0,217,rice,86,62,21,11,51,32,0.7209302325581395,0.37209302325581395
3,Fri,dinner,1,sunny,0,217,pasta,79,76,3,6,70,9,0.9620253164556962,0.11392405063291139
3,Fri,dinner,1,sunny,0,217,vegetables,45,40,5,6,34,11,0.8888888888888888,0.24444444444444444
3,Fri,dinner,1,sunny,0,217,dessert,63,57,4,5,52,9,0.9047619047619048,0.14285714285714285
3,Fri,dinner,2,rainy,1,212,chicken,94,66,28,5,61,33,0.7021276595744681,0.35106382978723405
3,Fri,dinner,2,rainy,1,212,rice,63,60,0,9,51,9,0.9523809523809523,0.14285714285714285
3,Fri,dinner,2,rainy,1,212,pasta,77,51,25,6,45,31,0.6623376623376623,0.4025974025974026
3,Fri,dinner,2,rainy,1,212,vegetables,43,28,13,4,24,17,0.6511627906976745,0.3953488372093023
3,Fri,dinner,2,rainy,1,212,dessert,46,36,9,3,33,12,0.782608695652174,0.2608695652173913
3,Fri,dinner,3,rainy,0,194,chicken,64,58,5,4,54,9,0.90625,0.140625
3,Fri,dinner,3,rainy,0,194,rice,53,42,6,7,35,13,0.7924528301886793,0.24528301886792453
3,Fri,dinner,3,rainy,0,194,pasta,67,48,19,4,44,23,0.7164179104477612,0.34328358208955223
3,Fri,dinner,3,rainy,0,194,vegetables,39,38,0,5,33,5,0.9743589743589743,0.1282051282051282
3,Fri,dinner,3,rainy,0,194,dessert,47,45,0,3,42,3,0.9574468085106383,0.06382978723404255
4,Mon,breakfast,1,sunny,0,144,chicken,65,53,8,3,50,11,0.8153846153846154,0.16923076923076924
4,Mon,breakfast,1,sunny,0,144,rice,45,38,2,5,33,7,0.8444444444444444,0.15555555555555556
4,Mon,breakfast,1,sunny,0,144,pasta,39,25,10,3,22,13,0.6410256410256411,0.3333333333333333
4,Mon,breakfast,1,sunny,0,144,vegetables,41,39,0,7,32,7,0.9512195121951219,0.17073170731707318
4,Mon,breakfast,1,sunny,0,144,dessert,48,46,1,4,42,5,0.9583333333333334,0.10416666666666667
4,Mon,breakfast,2,cloudy,0,154,chicken,61,42,14,3,39,17,0.6885245901639344,0.2786885245901639
4,Mon,breakfast,2,cloudy,0,154,rice,58,49,6,10,39,16,0.8448275862068966,0.27586206896551724
4,Mon,breakfast,2,cloudy,0,154,pasta,51,48,1,4,44,5,0.9411764705882353,0.09803921568627451
4,Mon,breakfast,2,cloudy,0,154,vegetables,29,26,0,3,23,3,0.896551724137931,0.10344827586206896
4,Mon,breakfast,2,cloudy,0,154,dessert,47,32,15,3,29,18,0.6808510638297872,0.3829787234042553
4,Mon,breakfast,3,cloudy,0,114,chicken,32,30,0,1,29,1,0.9375,0.03125
4,Mon,breakfast,3,cloudy,0,114,rice,44,43,0,5,38,5,0.9772727272727273,0.11363636363636363
4,Mon,breakfast,3,cloudy,0,114,pasta,40,34,1,3,31,4,0.85,0.1
4,Mon,breakfast,3,cloudy,0,114,vegetables,33,31,0,4,27,4,0.9393939393939394,0.12121212121212122
4,Mon,breakfast,3,cloudy,0,114,dessert,33,32,0,2,30,2,0.9696969696969697,0.06060606060606061
4,Mon,lunch,1,rainy,0,250,chicken,111,75,34,6,69,40,0.6756756756756757,0.36036036036036034
4,Mon,lunch,1,rainy,0,250,rice,90,65,20,14,51,34,0.7222222222222222,0.37777777777777777
4,Mon,lunch,1,rainy,0,250,pasta,104,77,23,11,66,34,0.7403846153846154,0.3269230769230769
4,Mon,lunch,1,rainy,0,250,vegetables,67,56,8,8,48,16,0.835820895522388,0.23880597014925373
4,Mon,lunch,1,rainy,0,250,dessert,77,57,14,5,52,19,0.7402597402597403,0.24675324675324675
4,Mon,lunch,2,cloudy,1,308,chicken,109,98,8,9,89,17,0.8990825688073395,0.1559633027522936
4,Mon,lunch,2,cloudy,1,308,rice,99,71,28,13,58,41,0.7171717171717171,0.41414141414141414
4,Mon,lunch,2,cloudy,1,308,pasta,99,83,11,7,76,18,0.8383838383838383,0.18181818181818182
4,Mon,lunch,2,cloudy,1,308,vegetables,60,40,16,7,33,23,0.6666666666666666,0.38333333333333336
4,Mon,lunch,2,cloudy,1,308,dessert,83,56,21,6,50,27,0.6746987951807228,0.3253012048192771
4,Mon,lunch,3,rainy,0,278,chicken,87,81,0,6,75,6,0.9310344827586207,0.06896551724137931
4,Mon,lunch,3,rainy,0,278,rice,81,77,0,12,65,12,0.9506172839506173,0.14814814814814814
4,Mon,lunch,3,rainy,0,278,pasta,111,72,34,8,64,42,0.6486486486486487,0.3783783783783784
4,Mon,lunch,3,rainy,0,278,vegetables,63,55,2,6,49,8,0.873015873015873,0.12698412698412698
4,Mon,lunch,3,rainy,0,278,dessert,69,51,16,4,47,20,0.7391304347826086,0.2898550724637681
4,Mon,dinner,1,sunny,0,263,chicken,89,79,10,6,73,16,0.8876404494382022,0.1797752808988764
4,Mon,dinner,1,sunny,0,263,rice,99,78,16,12,66,28,0.7878787878787878,0.2828282828282828
4,Mon,dinner,1,sunny,0,263,pasta,107,78,29,8,70,37,0.7289719626168224,0.34579439252336447
4,Mon,dinner,1,sunny,0,263,vegetables,60,56,0,9,47,9,0.9333333333333333,0.15
4,Mon,dinner,1,sunny,0,263,dessert,63,56,0,5,51,5,0.8888888888888888,0.07936507936507936
4,Mon,dinner,2,sunny,0,276,chicken,87,78,7,6,72,13,0.896551724137931,0.14942528735632185
4,Mon,dinner,2,sunny,0,276,rice,95,76,12,12,64,24,0.8,0.25263157894736843
4,Mon,dinner,2,sunny,0,276,pasta,89,78,6,10,68,16,0.8764044943820225,0.1797752808988764
4,Mon,dinner,2,sunny,0,276,vegetables,75,66,9,7,59,16,0.88,0.21333333333333335
4,Mon,dinner,2,sunny,0,276,dessert,91,84,0,9,75,9,0.9230769230769231,0.0989010989010989
4,Mon,dinner,3,cloudy,0,247,chicken,76,52,24,5,47,29,0.6842105263157895,0.3815789473684211
4,Mon,dinner,3,cloudy,0,247,rice,71,65,2,9,56,11,0.9154929577464789,0.15492957746478872
4,Mon,dinner,3,cloudy,0,247,pasta,76,66,10,6,60,16,0.868421052631579,0.21052631578947367
4,Mon,dinner,3,cloudy,0,247,vegetables,65,57,2,8,49,10,0.8769230769230769,0.15384615384615385
4,Mon,dinner,3,cloudy,0,247,dessert,69,51,15,5,46,20,0.7391304347826086,0.2898550724637681
4,Tue,breakfast,1,cloudy,0,134,chicken,57,37,15,3,34,18,0.6491228070175439,0.3157894736842105
4,Tue,breakfast,1,cloudy,0,134,rice,50,34,12,6,28,18,0.68,0.36
4,Tue,breakfast,1,cloudy,0,134,pasta,54,44,8,6,38,14,0.8148148148148148,0.25925925925925924
4,Tue,breakfast,1,cloudy,0,134,vegetables,31,23,1,3,20,4,0.7419354838709677,0.12903225806451613
4,Tue,breakfast,1,cloudy,0,134,dessert,31,28,0,2,26,2,0.9032258064516129,0.06451612903225806
4,Tue,breakfast,2,cloudy,0,138,chicken,58,50,7,4,46,11,0.8620689655172413,0.1896551724137931
4,Tue,breakfast,2,cloudy,0,138,rice,52,45,1,9,36,10,0.8653846153846154,0.19230769230769232
4,Tue,breakfast,2,cloudy,0,138,pasta,45,43,0,6,37,6,0.9555555555555556,0.13333333333333333
4,Tue,breakfast,2,cloudy,0,138,vegetables,39,25,11,4,21,15,0.6410256410256411,0.38461538461538464
4,Tue,breakfast,2,cloudy,0,138,dessert,32,21,7,1,20,8,0.65625,0.25
4,Tue,breakfast,3,rainy,0,149,chicken,53,35,13,3,32,16,0.660377358490566,0.3018867924528302
4,Tue,breakfast,3,rainy,0,149,rice,39,29,8,5,24,13,0.7435897435897436,0.3333333333333333
4,Tue,breakfast,3,rainy,0,149,pasta,42,32,6,4,28,10,0.7619047619047619,0.23809523809523808
4,Tue,breakfast,3,rainy,0,149,vegetables,41,36,0,4,32,4,0.8780487804878049,0.0975609756097561
4,Tue,breakfast,3,rainy,0,149,dessert,39,35,0,2,33,2,0.8974358974358975,0.05128205128205128
4,Tue,lunch,1,cloudy,0,262,chicken,116,75,40,5,70,45,0.646551724137931,0.3879310344827586
4,Tue,lunch,1,cloudy,0,262,rice,72,69,0,9,60,9,0.9583333333333334,0.125
4,Tue,lunch,1,cloudy,0,262,pasta,96,68,28,8,60,36,0.7083333333333334,0.375
4,Tue,lunch,1,cloudy,0,262,vegetables,59,46,12,5,41,17,0.7796610169491526,0.288135593220339
4,Tue,lunch,1,cloudy,0,262,dessert,72,64,1,6,58,7,0.8888888888888888,0.09722222222222222
4,Tue,lunch,2,cloudy,0,265,chicken,79,76,0,5,71,5,0.9620253164556962,0.06329113924050633
4,Tue,lunch,2,cloudy,0,265,rice,93,74,18,10,64,28,0.7956989247311828,0.3010752688172043
4,Tue,lunch,2,cloudy,0,265,pasta,84,55,23,8,47,31,0.6547619047619048,0.36904761904761907
4,Tue,lunch,2,cloudy,0,265,vegetables,66,52,9,8,44,17,0.7878787878787878,0.25757575757575757
4,Tue,lunch,2,cloudy,0,265,dessert,66,48,14,5,43,19,0.7272727272727273,0.2878787878787879
4,Tue,lunch,3,sunny,0,283,chicken,103,87,14,5,82,19,0.8446601941747572,0.18446601941747573
4,Tue,lunch,3,sunny,0,283,rice,108,77,30,14,63,44,0.7129629629629629,0.4074074074074074
4,Tue,lunch,3,sunny,0,283,pasta,95,63,28,8,55,36,0.6631578947368421,0.37894736842105264
4,Tue,lunch,3,sunny,0,283,vegetables,71,52,19,7,45,26,0.7323943661971831,0.36619718309859156
4,Tue,lunch,3,sunny,0,283,dessert,68,60,1,6,54,7,0.8823529411764706,0.10294117647058823
4,Tue,dinner,1,cloudy,0,222,chicken,92,87,0,6,81,6,0.9456521739130435,0.06521739130434782
4,Tue,dinner,1,cloudy,0,222,rice,82,67,13,11,56,24,0.8170731707317073,0.2926829268292683
4,Tue,dinner,1,cloudy,0,222,pasta,82,69,12,8,61,20,0.8414634146341463,0.24390243902439024
4,Tue,dinner,1,cloudy,0,222,vegetables,59,42,13,6,36,19,0.711864406779661,0.3220338983050847
4,Tue,dinner,1,cloudy,0,222,dessert,72,64,2,4,60,6,0.8888888888888888,0.08333333333333333
4,Tue,dinner,2,sunny,0,237,chicken,71,67,3,4,63,7,0.9436619718309859,0.09859154929577464
4,Tue,dinner,2,sunny,0,237,rice,85,72,12,14,58,26,0.8470588235294118,0.3058823529411765
4,Tue,dinner,2,sunny,0,237,pasta,79,60,13,8,52,21,0.759493670886076,0.26582278481012656
4,Tue,dinner,2,sunny,0,237,vegetables,66,63,0,9,54,9,0.9545454545454546,0.13636363636363635
4,Tue,dinner,2,sunny,0,237,dessert,62,50,10,4,46,14,0.8064516129032258,0.22580645161290322
4,Tue,dinner,3,sunny,0,253,chicken,98,81,14,5,76,19,0.826530612244898,0.19387755102040816
4,Tue,dinner,3,sunny,0,253,rice,97,90,5,11,79,16,0.9278350515463918,0.16494845360824742
4,Tue,dinner,3,sunny,0,253,pasta,88,75,10,7,68,17,0.8522727272727273,0.19318181818181818
4,Tue,dinner,3,sunny,0,253,vegetables,71,57,12,8,49,20,0.8028169014084507,0.28169014084507044
4,Tue,dinner,3,sunny,0,253,dessert,83,55,23,6,49,29,0.6626506024096386,0.3493975903614458
4,Wed,breakfast,1,rainy,0,120,chicken,38,32,4,2,30,6,0.8421052631578947,0.15789473684210525
4,Wed,breakfast,1,rainy,0,120,rice,38,36,0,4,32,4,0.9473684210526315,0.10526315789473684
4,Wed,breakfast,1,rainy,0,120,pasta,47,30,12,3,27,15,0.6382978723404256,0.3191489361702128
4,Wed,breakfast,1,rainy,0,120,vegetables,24,16,7,1,15,8,0.6666666666666666,0.3333333333333333
4,Wed,breakfast,1,rainy,0,120,dessert,39,34,0,3,31,3,0.8717948717948718,0.07692307692307693
4,Wed,breakfast,2,sunny,0,119,chicken,39,31,4,2,29,6,0.7948717948717948,0.15384615384615385
4,Wed,breakfast,2,sunny,0,119,rice,43,29,10,6,23,16,0.6744186046511628,0.37209302325581395
4,Wed,breakfast,2,sunny,0,119,pasta,38,36,0,5,31,5,0.9473684210526315,0.13157894736842105
4,Wed,breakfast,2,sunny,0,119,vegetables,30,23,0,2,21,2,0.7666666666666667,0.06666666666666667
4,Wed,breakfast,2,sunny,0,119,dessert,38,25,11,2,23,13,0.6578947368421053,0.34210526315789475
4,Wed,breakfast,3,sunny,0,117,chicken,44,40,1,3,37,4,0.9090909090909091,0.09090909090909091
4,Wed,breakfast,3,sunny,0,117,rice,44,39,0,6,33,6,0.8863636363636364,0.13636363636363635
4,Wed,breakfast,3,sunny,0,117,pasta,37,29,1,3,26,4,0.7837837837837838,0.10810810810810811
4,Wed,breakfast,3,sunny,0,117,vegetables,31,22,9,2,20,11,0.7096774193548387,0.3548387096774194
4,Wed,breakfast,3,sunny,0,117,dessert,35,32,0,3,29,3,0.9142857142857143,0.08571428571428572
4,Wed,lunch,1,sunny,0,265,chicken,81,58,20,4,54,24,0.7160493827160493,0.2962962962962963
4,Wed,lunch,1,sunny,0,265,rice,78,54,18,8,46,26,0.6923076923076923,0.3333333333333333
4,Wed,lunch,1,sunny,0,265,pasta,83,59,17,9,50,26,0.7108433734939759,0.3132530120481928
4,Wed,lunch,1,sunny,0,265,vegetables,79,62,17,10,52,27,0.7848101265822784,0.34177215189873417
4,Wed,lunch,1,sunny,0,265,dessert,74,65,9,7,58,16,0.8783783783783784,0.21621621621621623
4,Wed,lunch,2,sunny,0,254,chicken,96,80,10,4,76,14,0.8333333333333334,0.14583333333333334
4,Wed,lunch,2,sunny,0,254,rice,67,56,7,7,49,14,0.835820895522388,0.208955223880597
4,Wed,lunch,2,sunny,0,254,pasta,88,85,0,10,75,10,0.9659090909090909,0.11363636363636363
4,Wed,lunch,2,sunny,0,254,vegetables,58,54,4,6,48,10,0.9310344827586207,0.1724137931034483
4,Wed,lunch,2,sunny,0,254,dessert,84,76,6,8,68,14,0.9047619047619048,0.16666666666666666
4,Wed,lunch,3,sunny,0,320,chicken,130,95,32,5,90,37,0.7307692307692307,0.2846153846153846
4,Wed,lunch,3,sunny,0,320,rice,113,101,7,17,84,24,0.8938053097345132,0.21238938053097345
4,Wed,lunch,3,sunny,0,320,pasta,132,106,26,11,95,37,0.803030303030303,0.2803030303030303
4,Wed,lunch,3,sunny,0,320,vegetables,79,64,15,11,53,26,0.810126582278481,0.3291139240506329
4,Wed,lunch,3,sunny,0,320,dessert,104,83,16,6,77,22,0.7980769230769231,0.21153846153846154
4,Wed,dinner,1,sunny,0,259,chicken,87,62,20,3,59,23,0.7126436781609196,0.26436781609195403
4,Wed,dinner,1,sunny,0,259,rice,79,65,11,14,51,25,0.8227848101265823,0.31645569620253167
4,Wed,dinner,1,sunny,0,259,pasta,94,91,0,10,81,10,0.9680851063829787,0.10638297872340426
4,Wed,dinner,1,sunny,0,259,vegetables,71,56,13,10,46,23,0.7887323943661971,0.323943661971831
4,Wed,dinner,1,sunny,0,259,dessert,56,44,7,3,41,10,0.7857142857142857,0.17857142857142858
4,Wed,dinner,2,sunny,0,227,chicken,93,80,11,7,73,18,0.8602150537634409,0.1935483870967742
4,Wed,dinner,2,sunny,0,227,rice,69,63,6,13,50,19,0.9130434782608695,0.2753623188405797
4,Wed,dinner,2,sunny,0,227,pasta,62,56,0,7,49,7,0.9032258064516129,0.11290322580645161
4,Wed,dinner,2,sunny,0,227,vegetables,43,36,6,5,31,11,0.8372093023255814,0.2558139534883721
4,Wed,dinner,2,sunny,0,227,dessert,70,62,7,7,55,14,0.8857142857142857,0.2
4,Wed,dinner,3,sunny,0,195,chicken,63,55,5,4,51,9,0.873015873015873,0.14285714285714285
4,Wed,dinner,3,sunny,0,195,rice,54,50,4,10,40,14,0.9259259259259259,0.25925925925925924
4,Wed,dinner,3,sunny,0,195,pasta,61,51,9,5,46,14,0.8360655737704918,0.22950819672131148
4,Wed,dinner,3,sunny,0,195,vegetables,56,47,8,7,40,15,0.8392857142857143,0.26785714285714285
4,Wed,dinner,3,sunny,0,195,dessert,49,38,4,4,34,8,0.7755102040816326,0.16326530612244897
4,Thu,breakfast,1,sunny,0,124,chicken,44,41,0,3,38,3,0.9318181818181818,0.06818181818181818
4,Thu,breakfast,1,sunny,0,124,rice,41,34,5,4,30,9,0.8292682926829268,0.21951219512195122
4,Thu,breakfast,1,sunny,0,124,pasta,50,43,0,6,37,6,0.86,0.12
4,Thu,breakfast,1,sunny,0,124,vegetables,30,24,4,3,21,7,0.8,0.23333333333333334
4,Thu,breakfast,1,sunny,0,124,dessert,36,27,6,2,25,8,0.75,0.2222222222222222
4,Thu,breakfast,2,sunny,0,126,chicken,50,46,0,2,44,2,0.92,0.04
4,Thu,breakfast,2,sunny,0,126,rice,46,41,0,8,33,8,0.8913043478260869,0.17391304347826086
4,Thu,breakfast,2,sunny,0,126,pasta,51,46,5,6,40,11,0.9019607843137255,0.21568627450980393
4,Thu,breakfast,2,sunny,0,126,vegetables,29,19,5,2,17,7,0.6551724137931034,0.2413793103448276
4,Thu,breakfast,2,sunny,0,126,dessert,33,31,0,3,28,3,0.9393939393939394,0.09090909090909091
4,Thu,breakfast,3,rainy,0,138,chicken,60,45,8,4,41,12,0.75,0.2
4,Thu,breakfast,3,rainy,0,138,rice,48,32,16,6,26,22,0.6666666666666666,0.4583333333333333
4,Thu,breakfast,3,rainy,0,138,pasta,51,34,14,3,31,17,0.6666666666666666,0.3333333333333333
4,Thu,breakfast,3,rainy,0,138,vegetables,39,37,0,6,31,6,0.9487179487179487,0.15384615384615385
4,Thu,breakfast,3,rainy,0,138,dessert,44,43,0,3,40,3,0.9772727272727273,0.06818181818181818
4,Thu,lunch,1,sunny,0,273,chicken,123,116,2,11,105,13,0.943089430894309,0.10569105691056911
4,Thu,lunch,1,sunny,0,273,rice,91,68,21,13,55,34,0.7472527472527473,0.37362637362637363
4,Thu,lunch,1,sunny,0,273,pasta,75,49,26,7,42,33,0.6533333333333333,0.44
4,Thu,lunch,1,sunny,0,273,vegetables,74,49,23,8,41,31,0.6621621621621622,0.4189189189189189
4,Thu,lunch,1,sunny,0,273,dessert,58,55,0,5,50,5,0.9482758620689655,0.08620689655172414
4,Thu,lunch,2,rainy,0,300,chicken,106,76,23,6,70,29,0.7169811320754716,0.27358490566037735
4,Thu,lunch,2,rainy,0,300,rice,92,71,15,13,58,28,0.7717391304347826,0.30434782608695654
4,Thu,lunch,2,rainy,0,300,pasta,92,90,0,13,77,13,0.9782608695652174,0.14130434782608695
4,Thu,lunch,2,rainy,0,300,vegetables,85,68,12,12,56,24,0.8,0.2823529411764706
4,Thu,lunch,2,rainy,0,300,dessert,65,52,7,5,47,12,0.8,0.18461538461538463
4,Thu,lunch,3,sunny,1,310,chicken,138,118,18,6,112,24,0.855072463768116,0.17391304347826086
4,Thu,lunch,3,sunny,1,310,rice,109,94,13,14,80,27,0.8623853211009175,0.24770642201834864
4,Thu,lunch,3,sunny,1,310,pasta,123,112,4,12,100,16,0.9105691056910569,0.13008130081300814
4,Thu,lunch,3,sunny,1,310,vegetables,82,65,13,10,55,23,0.7926829268292683,0.2804878048780488
4,Thu,lunch,3,sunny,1,310,dessert,103,69,34,7,62,41,0.6699029126213593,0.39805825242718446
4,Thu,dinner,1,rainy,0,233,chicken,105,86,14,6,80,20,0.819047619047619,0.19047619047619047
4,Thu,dinner,1,rainy,0,233,rice,89,75,13,16,59,29,0.8426966292134831,0.3258426966292135
4,Thu,dinner,1,rainy,0,233,pasta,99,83,9,10,73,19,0.8383838383838383,0.1919191919191919
4,Thu,dinner,1,rainy,0,233,vegetables,59,52,6,5,47,11,0.8813559322033898,0.1864406779661017
4,Thu,dinner,1,rainy,0,233,dessert,52,44,1,5,39,6,0.8461538461538461,0.11538461538461539
4,Thu,dinner,2,rainy,0,234,chicken,87,84,1,7,77,8,0.9655172413793104,0.09195402298850575
4,Thu,dinner,2,rainy,0,234,rice,84,62,20,13,49,33,0.7380952380952381,0.39285714285714285
4,Thu,dinner,2,rainy,0,234,pasta,72,51,15,6,45,21,0.7083333333333334,0.2916666666666667
4,Thu,dinner,2,rainy,0,234,vegetables,69,55,9,9,46,18,0.7971014492753623,0.2608695652173913
4,Thu,dinner,2,rainy,0,234,dessert,53,40,10,3,37,13,0.7547169811320755,0.24528301886792453
4,Thu,dinner,3,cloudy,0,226,chicken,73,52,16,4,48,20,0.7123287671232876,0.273972602739726
4,Thu,dinner,3,cloudy,0,226,rice,88,59,26,10,49,36,0.6704545454545454,0.4090909090909091
4,Thu,dinner,3,cloudy,0,226,pasta,98,88,3,13,75,16,0.8979591836734694,0.16326530612244897
4,Thu,dinner,3,cloudy,0,226,vegetables,42,29,6,3,26,9,0.6904761904761905,0.21428571428571427
4,Thu,dinner,3,cloudy,0,226,dessert,56,40,10,3,37,13,0.7142857142857143,0.23214285714285715
4,Fri,breakfast,1,sunny,0,116,chicken,39,37,0,2,35,2,0.9487179487179487,0.05128205128205128
4,Fri,breakfast,1,sunny,0,116,rice,31,23,2,5,18,7,0.7419354838709677,0.22580645161290322
4,Fri,breakfast,1,sunny,0,116,pasta,37,25,10,3,22,13,0.6756756756756757,0.35135135135135137
4,Fri,breakfast,1,sunny,0,116,vegetables,29,26,0,3,23,3,0.896551724137931,0.10344827586206896
4,Fri,breakfast,1,sunny,0,116,dessert,36,27,6,2,25,8,0.75,0.2222222222222222
4,Fri,breakfast,2,sunny,0,118,chicken,40,36,0,2,34,2,0.9,0.05
4,Fri,breakfast,2,sunny,0,118,rice,35,24,10,3,21,13,0.6857142857142857,0.37142857142857144
4,Fri,breakfast,2,sunny,0,118,pasta,45,40,0,5,35,5,0.8888888888888888,0.1111111111111111
4,Fri,breakfast,2,sunny,0,118,vegetables,22,15,0,2,13,2,0.6818181818181818,0.09090909090909091
4,Fri,breakfast,2,sunny,0,118,dessert,38,29,8,2,27,10,0.7631578947368421,0.2631578947368421
4,Fri,breakfast,3,rainy,0,88,chicken,33,28,5,2,26,7,0.8484848484848485,0.21212121212121213
4,Fri,breakfast,3,rainy,0,88,rice,33,25,5,4,21,9,0.7575757575757576,0.2727272727272727
4,Fri,breakfast,3,rainy,0,88,pasta,30,24,2,3,21,5,0.8,0.16666666666666666
4,Fri,breakfast,3,rainy,0,88,vegetables,25,17,8,2,15,10,0.68,0.4
4,Fri,breakfast,3,rainy,0,88,dessert,24,22,0,2,20,2,0.9166666666666666,0.08333333333333333
4,Fri,lunch,1,sunny,0,242,chicken,93,66,24,4,62,28,0.7096774193548387,0.3010752688172043
4,Fri,lunch,1,sunny,0,242,rice,78,61,10,13,48,23,0.782051282051282,0.2948717948717949
4,Fri,lunch,1,sunny,0,242,pasta,103,99,4,12,87,16,0.9611650485436893,0.1553398058252427
4,Fri,lunch,1,sunny,0,242,vegetables,66,48,11,9,39,20,0.7272727272727273,0.30303030303030304
4,Fri,lunch,1,sunny,0,242,dessert,54,45,3,5,40,8,0.8333333333333334,0.14814814814814814
4,Fri,lunch,2,cloudy,0,268,chicken,78,57,18,4,53,22,0.7307692307692307,0.28205128205128205
4,Fri,lunch,2,cloudy,0,268,rice,77,56,15,7,49,22,0.7272727272727273,0.2857142857142857
4,Fri,lunch,2,cloudy,0,268,pasta,100,66,34,7,59,41,0.66,0.41
4,Fri,lunch,2,cloudy,0,268,vegetables,54,43,11,5,38,16,0.7962962962962963,0.2962962962962963
4,Fri,lunch,2,cloudy,0,268,dessert,66,48,12,6,42,18,0.7272727272727273,0.2727272727272727
4,Fri,lunch,3,sunny,0,265,chicken,97,77,13,7,70,20,0.7938144329896907,0.20618556701030927
4,Fri,lunch,3,sunny,0,265,rice,90,81,4,14,67,18,0.9,0.2
4,Fri,lunch,3,sunny,0,265,pasta,116,104,7,11,93,18,0.896551724137931,0.15517241379310345
4,Fri,lunch,3,sunny,0,265,vegetables,63,54,2,9,45,11,0.8571428571428571,0.1746031746031746
4,Fri,lunch,3,sunny,0,265,dessert,67,54,13,5,49,18,0.8059701492537313,0.26865671641791045
4,Fri,dinner,1,cloudy,0,216,chicken,66,56,10,3,53,13,0.8484848484848485,0.19696969696969696
4,Fri,dinner,1,cloudy,0,216,rice,68,63,3,9,54,12,0.9264705882352942,0.17647058823529413
4,Fri,dinner,1,cloudy,0,216,pasta,86,62,21,6,56,27,0.7209302325581395,0.313953488372093
4,Fri,dinner,1,cloudy,0,216,vegetables,58,39,12,6,33,18,0.6724137931034483,0.3103448275862069
4,Fri,dinner,1,cloudy,0,216,dessert,71,62,8,6,56,14,0.8732394366197183,0.19718309859154928
4,Fri,dinner,2,cloudy,0,226,chicken,74,64,4,5,59,9,0.8648648648648649,0.12162162162162163
4,Fri,dinner,2,cloudy,0,226,rice,87,67,16,10,57,26,0.7701149425287356,0.2988505747126437
4,Fri,dinner,2,cloudy,0,226,pasta,92,75,15,10,65,25,0.8152173913043478,0.2717391304347826
4,Fri,dinner,2,cloudy,0,226,vegetables,53,39,13,5,34,18,0.7358490566037735,0.33962264150943394
4,Fri,dinner,2,cloudy,0,226,dessert,67,64,3,5,59,8,0.9552238805970149,0.11940298507462686
4,Fri,dinner,3,sunny,0,211,chicken,71,60,8,5,55,13,0.8450704225352113,0.18309859154929578
4,Fri,dinner,3,sunny,0,211,rice,76,56,19,8,48,27,0.7368421052631579,0.35526315789473684
4,Fri,dinner,3,sunny,0,211,pasta,73,63,7,7,56,14,0.863013698630137,0.1917808219178082
4,Fri,dinner,3,sunny,0,211,vegetables,54,52,0,6,46,6,0.9629629629629629,0.1111111111111111
4,Fri,dinner,3,sunny,0,211,dessert,48,36,11,4,32,15,0.75,0.3125
